{"landcover/bare rock":{"x":0,"y":0,"width":512,"height":512,"pixelRatio":2,"sdf":false},"wetland/salt marsh land":{"x":512,"y":0,"width":512,"height":512,"pixelRatio":2,"sdf":false},"beach/coarse sand":{"x":1024,"y":0,"width":512,"height":512,"pixelRatio":2,"sdf":false},"wetland/reef":{"x":1536,"y":0,"width":512,"height":512,"pixelRatio":2,"sdf":false},"landcover/scree, shingle":{"x":2048,"y":0,"width":512,"height":512,"pixelRatio":2,"sdf":false},"beach/sand":{"x":2560,"y":0,"width":256,"height":256,"pixelRatio":2,"sdf":false},"landcover/sand":{"x":2560,"y":0,"width":256,"height":256,"pixelRatio":2,"sdf":false},"wetland/reed bed":{"x":2816,"y":0,"width":128,"height":128,"pixelRatio":2,"sdf":false},"wetland/swamp":{"x":2944,"y":0,"width":128,"height":128,"pixelRatio":2,"sdf":false},"wetland/mangrove":{"x":3072,"y":0,"width":128,"height":128,"pixelRatio":2,"sdf":false},"leaf type/unknown":{"x":3200,"y":0,"width":128,"height":128,"pixelRatio":2,"sdf":false},"leaf type/needleleaved":{"x":3328,"y":0,"width":128,"height":128,"pixelRatio":2,"sdf":false},"leaf type/mixed":{"x":0,"y":512,"width":128,"height":128,"pixelRatio":2,"sdf":false},"leaf type/broadleaved":{"x":128,"y":512,"width":128,"height":128,"pixelRatio":2,"sdf":false},"leaf type/leafless":{"x":256,"y":512,"width":128,"height":128,"pixelRatio":2,"sdf":false},"landcover/quarry":{"x":384,"y":512,"width":128,"height":128,"pixelRatio":2,"sdf":false},"wetland/salt marsh":{"x":512,"y":512,"width":128,"height":128,"pixelRatio":2,"sdf":false},"wetland/wet meadow":{"x":512,"y":512,"width":128,"height":128,"pixelRatio":2,"sdf":false},"wetland/fen":{"x":640,"y":512,"width":128,"height":128,"pixelRatio":2,"sdf":false},"wetland/bog":{"x":640,"y":512,"width":128,"height":128,"pixelRatio":2,"sdf":false},"wetland/tidal flat":{"x":768,"y":512,"width":128,"height":128,"pixelRatio":2,"sdf":false},"wetland/other":{"x":768,"y":512,"width":128,"height":128,"pixelRatio":2,"sdf":false},"landcover/scrub":{"x":896,"y":512,"width":128,"height":128,"pixelRatio":2,"sdf":false},"mountain range/arete":{"x":1024,"y":512,"width":86,"height":86,"pixelRatio":2,"sdf":false},"mountain range/ridge":{"x":1110,"y":512,"width":86,"height":86,"pixelRatio":2,"sdf":false},"mountain range/ridge_1":{"x":1196,"y":512,"width":86,"height":86,"pixelRatio":2,"sdf":false},"mountain range/arete_1":{"x":1282,"y":512,"width":86,"height":86,"pixelRatio":2,"sdf":false},"cemetery/muslim":{"x":1368,"y":512,"width":64,"height":64,"pixelRatio":2,"sdf":false},"cemetery/jewish":{"x":1432,"y":512,"width":64,"height":64,"pixelRatio":2,"sdf":false},"cemetery/other":{"x":1496,"y":512,"width":64,"height":64,"pixelRatio":2,"sdf":false},"landcover/salt pond":{"x":1560,"y":512,"width":64,"height":64,"pixelRatio":2,"sdf":false},"cemetery/christian":{"x":1624,"y":512,"width":64,"height":64,"pixelRatio":2,"sdf":false},"landcover/vineyard":{"x":1688,"y":512,"width":64,"height":64,"pixelRatio":2,"sdf":false},"waterway/riverbank (intermittent)":{"x":1752,"y":512,"width":64,"height":64,"pixelRatio":2,"sdf":false},"water area/basin (intermittent)":{"x":1752,"y":512,"width":64,"height":64,"pixelRatio":2,"sdf":false},"water area/reservoir (intermittent)":{"x":1752,"y":512,"width":64,"height":64,"pixelRatio":2,"sdf":false},"water area/water (intermittent)":{"x":1752,"y":512,"width":64,"height":64,"pixelRatio":2,"sdf":false},"landcover/dog park":{"x":1816,"y":512,"width":64,"height":64,"pixelRatio":2,"sdf":false},"private access point/shower":{"x":1880,"y":512,"width":44,"height":44,"pixelRatio":2,"sdf":false},"amenity point/shower":{"x":1924,"y":512,"width":44,"height":44,"pixelRatio":2,"sdf":false},"private access area/shower":{"x":1968,"y":512,"width":44,"height":44,"pixelRatio":2,"sdf":false},"amenity area/shower":{"x":2012,"y":512,"width":44,"height":44,"pixelRatio":2,"sdf":false},"amenity point/miniature golf":{"x":2056,"y":512,"width":40,"height":40,"pixelRatio":2,"sdf":false},"amenity point/golf course":{"x":2096,"y":512,"width":36,"height":40,"pixelRatio":2,"sdf":false},"place of worship point/Christian - other":{"x":2132,"y":512,"width":32,"height":40,"pixelRatio":2,"sdf":false},"place of worship point/Shinto":{"x":2164,"y":512,"width":40,"height":40,"pixelRatio":2,"sdf":false},"memorial point/memorial":{"x":2204,"y":512,"width":36,"height":40,"pixelRatio":2,"sdf":false},"memorial point/stele":{"x":2204,"y":512,"width":36,"height":40,"pixelRatio":2,"sdf":false},"amenity point/apartment":{"x":2240,"y":512,"width":40,"height":40,"pixelRatio":2,"sdf":false},"amenity area/miniature golf":{"x":2280,"y":512,"width":40,"height":40,"pixelRatio":2,"sdf":false},"amenity area/golf course":{"x":2320,"y":512,"width":36,"height":40,"pixelRatio":2,"sdf":false},"place of worship area/Christian - other":{"x":2356,"y":512,"width":32,"height":40,"pixelRatio":2,"sdf":false},"place of worship area/Shinto":{"x":2388,"y":512,"width":40,"height":40,"pixelRatio":2,"sdf":false},"memorial area/memorial":{"x":2428,"y":512,"width":36,"height":40,"pixelRatio":2,"sdf":false},"memorial area/stele":{"x":2428,"y":512,"width":36,"height":40,"pixelRatio":2,"sdf":false},"amenity area/apartment":{"x":2464,"y":512,"width":40,"height":40,"pixelRatio":2,"sdf":false},"amenity point/traffic signal":{"x":2504,"y":512,"width":16,"height":36,"pixelRatio":2,"sdf":false},"amenity point/helipad":{"x":2520,"y":512,"width":36,"height":36,"pixelRatio":2,"sdf":false},"private access point/fitness":{"x":2556,"y":512,"width":32,"height":36,"pixelRatio":2,"sdf":false},"amenity point/fitness":{"x":2588,"y":512,"width":32,"height":36,"pixelRatio":2,"sdf":false},"road (tunnel)/trunk shield/1":{"x":2620,"y":512,"width":28,"height":36,"pixelRatio":2,"sdf":false},"road/trunk shield/1":{"x":2620,"y":512,"width":28,"height":36,"pixelRatio":2,"sdf":false},"road (bridge)/trunk shield/1":{"x":2620,"y":512,"width":28,"height":36,"pixelRatio":2,"sdf":false},"road (bridge)/motorway shield/1":{"x":2648,"y":512,"width":28,"height":36,"pixelRatio":2,"sdf":false},"road/motorway shield/1":{"x":2648,"y":512,"width":28,"height":36,"pixelRatio":2,"sdf":false},"road (tunnel)/motorway shield/1":{"x":2648,"y":512,"width":28,"height":36,"pixelRatio":2,"sdf":false},"road (bridge)/primary shield/1":{"x":2676,"y":512,"width":28,"height":36,"pixelRatio":2,"sdf":false},"road/primary shield/1":{"x":2676,"y":512,"width":28,"height":36,"pixelRatio":2,"sdf":false},"road (tunnel)/primary shield/1":{"x":2676,"y":512,"width":28,"height":36,"pixelRatio":2,"sdf":false},"road (tunnel)/tertiary shield/1":{"x":2704,"y":512,"width":28,"height":36,"pixelRatio":2,"sdf":false},"road (bridge)/tertiary shield/1":{"x":2704,"y":512,"width":28,"height":36,"pixelRatio":2,"sdf":false},"road/tertiary shield/1":{"x":2704,"y":512,"width":28,"height":36,"pixelRatio":2,"sdf":false},"road (bridge)/secondary shield/1":{"x":2732,"y":512,"width":28,"height":36,"pixelRatio":2,"sdf":false},"road/secondary shield/1":{"x":2732,"y":512,"width":28,"height":36,"pixelRatio":2,"sdf":false},"road (tunnel)/secondary shield/1":{"x":2732,"y":512,"width":28,"height":36,"pixelRatio":2,"sdf":false},"road (tunnel)/trunk shield/7":{"x":2760,"y":512,"width":72,"height":36,"pixelRatio":2,"sdf":false},"road (bridge)/trunk shield/7":{"x":2760,"y":512,"width":72,"height":36,"pixelRatio":2,"sdf":false},"road/trunk shield/7":{"x":2760,"y":512,"width":72,"height":36,"pixelRatio":2,"sdf":false},"road/motorway shield/7":{"x":2832,"y":512,"width":72,"height":36,"pixelRatio":2,"sdf":false},"road (bridge)/motorway shield/7":{"x":2832,"y":512,"width":72,"height":36,"pixelRatio":2,"sdf":false},"road (tunnel)/motorway shield/7":{"x":2832,"y":512,"width":72,"height":36,"pixelRatio":2,"sdf":false},"road (tunnel)/primary shield/7":{"x":2904,"y":512,"width":72,"height":36,"pixelRatio":2,"sdf":false},"road/primary shield/7":{"x":2904,"y":512,"width":72,"height":36,"pixelRatio":2,"sdf":false},"road (bridge)/primary shield/7":{"x":2904,"y":512,"width":72,"height":36,"pixelRatio":2,"sdf":false},"road (bridge)/tertiary shield/7":{"x":2976,"y":512,"width":72,"height":36,"pixelRatio":2,"sdf":false},"road (tunnel)/tertiary shield/7":{"x":2976,"y":512,"width":72,"height":36,"pixelRatio":2,"sdf":false},"road/tertiary shield/7":{"x":2976,"y":512,"width":72,"height":36,"pixelRatio":2,"sdf":false},"road (tunnel)/secondary shield/7":{"x":3048,"y":512,"width":72,"height":36,"pixelRatio":2,"sdf":false},"road (bridge)/secondary shield/7":{"x":3048,"y":512,"width":72,"height":36,"pixelRatio":2,"sdf":false},"road/secondary shield/7":{"x":3048,"y":512,"width":72,"height":36,"pixelRatio":2,"sdf":false},"road (bridge)/trunk shield/6":{"x":3120,"y":512,"width":64,"height":36,"pixelRatio":2,"sdf":false},"road/trunk shield/6":{"x":3120,"y":512,"width":64,"height":36,"pixelRatio":2,"sdf":false},"road (tunnel)/trunk shield/6":{"x":3120,"y":512,"width":64,"height":36,"pixelRatio":2,"sdf":false},"road/motorway shield/6":{"x":3184,"y":512,"width":64,"height":36,"pixelRatio":2,"sdf":false},"road (tunnel)/motorway shield/6":{"x":3184,"y":512,"width":64,"height":36,"pixelRatio":2,"sdf":false},"road (bridge)/motorway shield/6":{"x":3184,"y":512,"width":64,"height":36,"pixelRatio":2,"sdf":false},"road (tunnel)/primary shield/6":{"x":3248,"y":512,"width":64,"height":36,"pixelRatio":2,"sdf":false},"road (bridge)/primary shield/6":{"x":3248,"y":512,"width":64,"height":36,"pixelRatio":2,"sdf":false},"road/primary shield/6":{"x":3248,"y":512,"width":64,"height":36,"pixelRatio":2,"sdf":false},"road (bridge)/tertiary shield/6":{"x":3312,"y":512,"width":64,"height":36,"pixelRatio":2,"sdf":false},"road (tunnel)/tertiary shield/6":{"x":3312,"y":512,"width":64,"height":36,"pixelRatio":2,"sdf":false},"road/tertiary shield/6":{"x":3312,"y":512,"width":64,"height":36,"pixelRatio":2,"sdf":false},"road (tunnel)/secondary shield/6":{"x":3376,"y":512,"width":64,"height":36,"pixelRatio":2,"sdf":false},"road (bridge)/secondary shield/6":{"x":3376,"y":512,"width":64,"height":36,"pixelRatio":2,"sdf":false},"road/secondary shield/6":{"x":3376,"y":512,"width":64,"height":36,"pixelRatio":2,"sdf":false},"road (tunnel)/trunk shield/5":{"x":0,"y":640,"width":56,"height":36,"pixelRatio":2,"sdf":false},"road (bridge)/trunk shield/5":{"x":0,"y":640,"width":56,"height":36,"pixelRatio":2,"sdf":false},"road/trunk shield/5":{"x":0,"y":640,"width":56,"height":36,"pixelRatio":2,"sdf":false},"road/motorway shield/5":{"x":56,"y":640,"width":56,"height":36,"pixelRatio":2,"sdf":false},"road (tunnel)/motorway shield/5":{"x":56,"y":640,"width":56,"height":36,"pixelRatio":2,"sdf":false},"road (bridge)/motorway shield/5":{"x":56,"y":640,"width":56,"height":36,"pixelRatio":2,"sdf":false},"road (bridge)/primary shield/5":{"x":112,"y":640,"width":56,"height":36,"pixelRatio":2,"sdf":false},"road/primary shield/5":{"x":112,"y":640,"width":56,"height":36,"pixelRatio":2,"sdf":false},"road (tunnel)/primary shield/5":{"x":112,"y":640,"width":56,"height":36,"pixelRatio":2,"sdf":false},"road (bridge)/tertiary shield/5":{"x":168,"y":640,"width":56,"height":36,"pixelRatio":2,"sdf":false},"road (tunnel)/tertiary shield/5":{"x":168,"y":640,"width":56,"height":36,"pixelRatio":2,"sdf":false},"road/tertiary shield/5":{"x":168,"y":640,"width":56,"height":36,"pixelRatio":2,"sdf":false},"road/secondary shield/5":{"x":224,"y":640,"width":56,"height":36,"pixelRatio":2,"sdf":false},"road (tunnel)/secondary shield/5":{"x":224,"y":640,"width":56,"height":36,"pixelRatio":2,"sdf":false},"road (bridge)/secondary shield/5":{"x":224,"y":640,"width":56,"height":36,"pixelRatio":2,"sdf":false},"road/trunk shield/4":{"x":280,"y":640,"width":52,"height":36,"pixelRatio":2,"sdf":false},"road (bridge)/trunk shield/4":{"x":280,"y":640,"width":52,"height":36,"pixelRatio":2,"sdf":false},"road (tunnel)/trunk shield/4":{"x":280,"y":640,"width":52,"height":36,"pixelRatio":2,"sdf":false},"road (tunnel)/motorway shield/4":{"x":332,"y":640,"width":52,"height":36,"pixelRatio":2,"sdf":false},"road/motorway shield/4":{"x":332,"y":640,"width":52,"height":36,"pixelRatio":2,"sdf":false},"road (bridge)/motorway shield/4":{"x":332,"y":640,"width":52,"height":36,"pixelRatio":2,"sdf":false},"road (tunnel)/primary shield/4":{"x":384,"y":640,"width":52,"height":36,"pixelRatio":2,"sdf":false},"road/primary shield/4":{"x":384,"y":640,"width":52,"height":36,"pixelRatio":2,"sdf":false},"road (bridge)/primary shield/4":{"x":384,"y":640,"width":52,"height":36,"pixelRatio":2,"sdf":false},"road/tertiary shield/4":{"x":436,"y":640,"width":52,"height":36,"pixelRatio":2,"sdf":false},"road (bridge)/tertiary shield/4":{"x":436,"y":640,"width":52,"height":36,"pixelRatio":2,"sdf":false},"road (tunnel)/tertiary shield/4":{"x":436,"y":640,"width":52,"height":36,"pixelRatio":2,"sdf":false},"road (tunnel)/secondary shield/4":{"x":488,"y":640,"width":52,"height":36,"pixelRatio":2,"sdf":false},"road (bridge)/secondary shield/4":{"x":488,"y":640,"width":52,"height":36,"pixelRatio":2,"sdf":false},"road/secondary shield/4":{"x":488,"y":640,"width":52,"height":36,"pixelRatio":2,"sdf":false},"road (bridge)/trunk shield/3":{"x":540,"y":640,"width":44,"height":36,"pixelRatio":2,"sdf":false},"road/trunk shield/3":{"x":540,"y":640,"width":44,"height":36,"pixelRatio":2,"sdf":false},"road (tunnel)/trunk shield/3":{"x":540,"y":640,"width":44,"height":36,"pixelRatio":2,"sdf":false},"road (tunnel)/motorway shield/3":{"x":584,"y":640,"width":44,"height":36,"pixelRatio":2,"sdf":false},"road (bridge)/motorway shield/3":{"x":584,"y":640,"width":44,"height":36,"pixelRatio":2,"sdf":false},"road/motorway shield/3":{"x":584,"y":640,"width":44,"height":36,"pixelRatio":2,"sdf":false},"road (bridge)/primary shield/3":{"x":628,"y":640,"width":44,"height":36,"pixelRatio":2,"sdf":false},"road (tunnel)/primary shield/3":{"x":628,"y":640,"width":44,"height":36,"pixelRatio":2,"sdf":false},"road/primary shield/3":{"x":628,"y":640,"width":44,"height":36,"pixelRatio":2,"sdf":false},"road/tertiary shield/3":{"x":672,"y":640,"width":44,"height":36,"pixelRatio":2,"sdf":false},"road (bridge)/tertiary shield/3":{"x":672,"y":640,"width":44,"height":36,"pixelRatio":2,"sdf":false},"road (tunnel)/tertiary shield/3":{"x":672,"y":640,"width":44,"height":36,"pixelRatio":2,"sdf":false},"road (bridge)/secondary shield/3":{"x":716,"y":640,"width":44,"height":36,"pixelRatio":2,"sdf":false},"road/secondary shield/3":{"x":716,"y":640,"width":44,"height":36,"pixelRatio":2,"sdf":false},"road (tunnel)/secondary shield/3":{"x":716,"y":640,"width":44,"height":36,"pixelRatio":2,"sdf":false},"road (bridge)/trunk shield/2":{"x":760,"y":640,"width":36,"height":36,"pixelRatio":2,"sdf":false},"road (tunnel)/trunk shield/2":{"x":760,"y":640,"width":36,"height":36,"pixelRatio":2,"sdf":false},"road/trunk shield/2":{"x":760,"y":640,"width":36,"height":36,"pixelRatio":2,"sdf":false},"road (tunnel)/motorway shield/2":{"x":796,"y":640,"width":36,"height":36,"pixelRatio":2,"sdf":false},"road (bridge)/motorway shield/2":{"x":796,"y":640,"width":36,"height":36,"pixelRatio":2,"sdf":false},"road/motorway shield/2":{"x":796,"y":640,"width":36,"height":36,"pixelRatio":2,"sdf":false},"road/primary shield/2":{"x":832,"y":640,"width":36,"height":36,"pixelRatio":2,"sdf":false},"road (tunnel)/primary shield/2":{"x":832,"y":640,"width":36,"height":36,"pixelRatio":2,"sdf":false},"road (bridge)/primary shield/2":{"x":832,"y":640,"width":36,"height":36,"pixelRatio":2,"sdf":false},"road/tertiary shield/2":{"x":868,"y":640,"width":36,"height":36,"pixelRatio":2,"sdf":false},"road (tunnel)/tertiary shield/2":{"x":868,"y":640,"width":36,"height":36,"pixelRatio":2,"sdf":false},"road (bridge)/tertiary shield/2":{"x":868,"y":640,"width":36,"height":36,"pixelRatio":2,"sdf":false},"road (tunnel)/secondary shield/2":{"x":904,"y":640,"width":36,"height":36,"pixelRatio":2,"sdf":false},"road/secondary shield/2":{"x":904,"y":640,"width":36,"height":36,"pixelRatio":2,"sdf":false},"road (bridge)/secondary shield/2":{"x":904,"y":640,"width":36,"height":36,"pixelRatio":2,"sdf":false},"amenity point/storage tank":{"x":940,"y":640,"width":24,"height":36,"pixelRatio":2,"sdf":false},"amenity point/public bookcase":{"x":964,"y":640,"width":32,"height":36,"pixelRatio":2,"sdf":false},"amenity point/hospital":{"x":996,"y":640,"width":36,"height":36,"pixelRatio":2,"sdf":false},"amenity point/arts centre":{"x":1032,"y":640,"width":36,"height":36,"pixelRatio":2,"sdf":false},"amenity point/nightclub":{"x":1068,"y":640,"width":36,"height":36,"pixelRatio":2,"sdf":false},"amenity point/bowling alley":{"x":1104,"y":640,"width":32,"height":36,"pixelRatio":2,"sdf":false},"shop point/confectionery":{"x":1136,"y":640,"width":32,"height":36,"pixelRatio":2,"sdf":false},"shop point/stationery":{"x":1168,"y":640,"width":24,"height":36,"pixelRatio":2,"sdf":false},"tower point/other":{"x":1192,"y":640,"width":20,"height":36,"pixelRatio":2,"sdf":false},"amenity point/waste disposal":{"x":1212,"y":640,"width":20,"height":36,"pixelRatio":2,"sdf":false},"mast point/other":{"x":1232,"y":640,"width":20,"height":36,"pixelRatio":2,"sdf":false},"shop point/gift":{"x":1252,"y":640,"width":24,"height":36,"pixelRatio":2,"sdf":false},"shop point/jewelry":{"x":1276,"y":640,"width":28,"height":36,"pixelRatio":2,"sdf":false},"shop point/pet":{"x":1304,"y":640,"width":36,"height":36,"pixelRatio":2,"sdf":false},"amenity point/dog park":{"x":1340,"y":640,"width":36,"height":36,"pixelRatio":2,"sdf":false},"tower point/lighting":{"x":1376,"y":640,"width":24,"height":36,"pixelRatio":2,"sdf":false},"mast point/lighting":{"x":1400,"y":640,"width":24,"height":36,"pixelRatio":2,"sdf":false},"shop point/chemist":{"x":1424,"y":640,"width":32,"height":36,"pixelRatio":2,"sdf":false},"amenity point/guest house":{"x":1456,"y":640,"width":32,"height":36,"pixelRatio":2,"sdf":false},"shop point/car repair":{"x":1488,"y":640,"width":28,"height":36,"pixelRatio":2,"sdf":false},"amenity point/bicycle repair station":{"x":1516,"y":640,"width":28,"height":36,"pixelRatio":2,"sdf":false},"shop point/copyshop":{"x":1544,"y":640,"width":28,"height":36,"pixelRatio":2,"sdf":false},"amenity point/townhall":{"x":1572,"y":640,"width":28,"height":36,"pixelRatio":2,"sdf":false},"shop point/outdoor":{"x":1600,"y":640,"width":28,"height":36,"pixelRatio":2,"sdf":false},"private access point/motorcycle parking":{"x":1628,"y":640,"width":36,"height":36,"pixelRatio":2,"sdf":false},"amenity point/motorcycle parking":{"x":1664,"y":640,"width":36,"height":36,"pixelRatio":2,"sdf":false},"amenity point/bus station":{"x":1700,"y":640,"width":36,"height":36,"pixelRatio":2,"sdf":false},"shop point/tyres":{"x":1736,"y":640,"width":28,"height":36,"pixelRatio":2,"sdf":false},"shop point/beauty":{"x":1764,"y":640,"width":32,"height":36,"pixelRatio":2,"sdf":false},"information point/audioguide":{"x":1796,"y":640,"width":32,"height":36,"pixelRatio":2,"sdf":false},"castle point/palace, stately":{"x":1828,"y":640,"width":32,"height":36,"pixelRatio":2,"sdf":false},"shop point/art":{"x":1860,"y":640,"width":32,"height":36,"pixelRatio":2,"sdf":false},"shop point/cosmetics":{"x":1892,"y":640,"width":32,"height":36,"pixelRatio":2,"sdf":false},"amenity point/cinema":{"x":1924,"y":640,"width":32,"height":36,"pixelRatio":2,"sdf":false},"amenity point/fort":{"x":1956,"y":640,"width":32,"height":36,"pixelRatio":2,"sdf":false},"shop point/electronics":{"x":1988,"y":640,"width":32,"height":36,"pixelRatio":2,"sdf":false},"information point/guidepost":{"x":2020,"y":640,"width":32,"height":36,"pixelRatio":2,"sdf":false},"amenity point/public bath":{"x":2052,"y":640,"width":32,"height":36,"pixelRatio":2,"sdf":false},"private access point/playground":{"x":2084,"y":640,"width":32,"height":36,"pixelRatio":2,"sdf":false},"amenity point/playground":{"x":2116,"y":640,"width":32,"height":36,"pixelRatio":2,"sdf":false},"shop point/garden centre":{"x":2148,"y":640,"width":32,"height":36,"pixelRatio":2,"sdf":false},"swimming point":{"x":2180,"y":640,"width":36,"height":36,"pixelRatio":2,"sdf":false},"shop point/video":{"x":2216,"y":640,"width":36,"height":36,"pixelRatio":2,"sdf":false},"shop point/houseware":{"x":2252,"y":640,"width":36,"height":36,"pixelRatio":2,"sdf":false},"amenity point/charging station":{"x":2288,"y":640,"width":36,"height":36,"pixelRatio":2,"sdf":false},"private access point/charging station":{"x":2324,"y":640,"width":36,"height":36,"pixelRatio":2,"sdf":false},"private access point/shelter":{"x":2360,"y":640,"width":32,"height":36,"pixelRatio":2,"sdf":false},"amenity point/shelter":{"x":2392,"y":640,"width":32,"height":36,"pixelRatio":2,"sdf":false},"amenity point/toll booth":{"x":2424,"y":640,"width":36,"height":36,"pixelRatio":2,"sdf":false},"amenity point/social facility":{"x":2460,"y":640,"width":32,"height":36,"pixelRatio":2,"sdf":false},"private access point/firepit":{"x":2492,"y":640,"width":32,"height":36,"pixelRatio":2,"sdf":false},"amenity point/firepit":{"x":2524,"y":640,"width":32,"height":36,"pixelRatio":2,"sdf":false},"tower point/communication":{"x":2556,"y":640,"width":32,"height":36,"pixelRatio":2,"sdf":false},"tower point/lattice communication":{"x":2588,"y":640,"width":32,"height":36,"pixelRatio":2,"sdf":false},"mast point/communication":{"x":2620,"y":640,"width":32,"height":36,"pixelRatio":2,"sdf":false},"amenity point/sauna":{"x":2652,"y":640,"width":36,"height":36,"pixelRatio":2,"sdf":false},"shop point/computer":{"x":2688,"y":640,"width":32,"height":36,"pixelRatio":2,"sdf":false},"recycling place point/private":{"x":2720,"y":640,"width":32,"height":36,"pixelRatio":2,"sdf":false},"recycling place point/public":{"x":2752,"y":640,"width":32,"height":36,"pixelRatio":2,"sdf":false},"shop point/toys":{"x":2784,"y":640,"width":36,"height":36,"pixelRatio":2,"sdf":false},"shop point/video games":{"x":2820,"y":640,"width":36,"height":36,"pixelRatio":2,"sdf":false},"shop point/medical supply":{"x":2856,"y":640,"width":32,"height":36,"pixelRatio":2,"sdf":false},"place of worship point/Buddhist":{"x":2888,"y":640,"width":36,"height":36,"pixelRatio":2,"sdf":false},"shop point/photography":{"x":2924,"y":640,"width":36,"height":36,"pixelRatio":2,"sdf":false},"amenity point/internet cafe":{"x":2960,"y":640,"width":36,"height":36,"pixelRatio":2,"sdf":false},"shop point/coffee":{"x":2996,"y":640,"width":36,"height":36,"pixelRatio":2,"sdf":false},"shop point/dairy":{"x":3032,"y":640,"width":36,"height":36,"pixelRatio":2,"sdf":false},"amenity point/arcade":{"x":3068,"y":640,"width":36,"height":36,"pixelRatio":2,"sdf":false},"amenity point/ford":{"x":3104,"y":640,"width":36,"height":36,"pixelRatio":2,"sdf":false},"tree":{"x":3140,"y":640,"width":36,"height":36,"pixelRatio":2,"sdf":false},"amenity area/bowling alley":{"x":3176,"y":640,"width":32,"height":36,"pixelRatio":2,"sdf":false},"waterfall":{"x":3208,"y":640,"width":36,"height":36,"pixelRatio":2,"sdf":false},"amenity area/traffic signal":{"x":3244,"y":640,"width":16,"height":36,"pixelRatio":2,"sdf":false},"amenity area/helipad":{"x":3260,"y":640,"width":36,"height":36,"pixelRatio":2,"sdf":false},"private access area/fitness":{"x":3296,"y":640,"width":32,"height":36,"pixelRatio":2,"sdf":false},"amenity area/fitness":{"x":3328,"y":640,"width":32,"height":36,"pixelRatio":2,"sdf":false},"amenity area/storage tank":{"x":3360,"y":640,"width":24,"height":36,"pixelRatio":2,"sdf":false},"amenity area/public bookcase":{"x":3384,"y":640,"width":32,"height":36,"pixelRatio":2,"sdf":false},"amenity area/hospital":{"x":3416,"y":640,"width":36,"height":36,"pixelRatio":2,"sdf":false},"amenity area/arts centre":{"x":0,"y":676,"width":36,"height":36,"pixelRatio":2,"sdf":false},"amenity area/nightclub":{"x":36,"y":676,"width":36,"height":36,"pixelRatio":2,"sdf":false},"shop area/confectionery":{"x":72,"y":676,"width":32,"height":36,"pixelRatio":2,"sdf":false},"tower area/cooling":{"x":104,"y":676,"width":24,"height":36,"pixelRatio":2,"sdf":false},"tower point/cooling":{"x":104,"y":676,"width":24,"height":36,"pixelRatio":2,"sdf":false},"shop area/stationery":{"x":128,"y":676,"width":24,"height":36,"pixelRatio":2,"sdf":false},"tower area/other":{"x":152,"y":676,"width":20,"height":36,"pixelRatio":2,"sdf":false},"amenity area/waste disposal":{"x":172,"y":676,"width":20,"height":36,"pixelRatio":2,"sdf":false},"mast area/other":{"x":192,"y":676,"width":20,"height":36,"pixelRatio":2,"sdf":false},"shop area/gift":{"x":212,"y":676,"width":24,"height":36,"pixelRatio":2,"sdf":false},"shop area/jewelry":{"x":236,"y":676,"width":28,"height":36,"pixelRatio":2,"sdf":false},"shop area/pet":{"x":264,"y":676,"width":36,"height":36,"pixelRatio":2,"sdf":false},"tower area/lighting":{"x":300,"y":676,"width":24,"height":36,"pixelRatio":2,"sdf":false},"mast area/lighting":{"x":324,"y":676,"width":24,"height":36,"pixelRatio":2,"sdf":false},"shop area/chemist":{"x":348,"y":676,"width":32,"height":36,"pixelRatio":2,"sdf":false},"amenity area/guest house":{"x":380,"y":676,"width":32,"height":36,"pixelRatio":2,"sdf":false},"shop area/car repair":{"x":412,"y":676,"width":28,"height":36,"pixelRatio":2,"sdf":false},"amenity area/bicycle repair station":{"x":440,"y":676,"width":28,"height":36,"pixelRatio":2,"sdf":false},"shop area/copyshop":{"x":468,"y":676,"width":28,"height":36,"pixelRatio":2,"sdf":false},"amenity area/townhall":{"x":496,"y":676,"width":28,"height":36,"pixelRatio":2,"sdf":false},"shop area/outdoor":{"x":524,"y":676,"width":28,"height":36,"pixelRatio":2,"sdf":false},"private access area/motorcycle parking":{"x":552,"y":676,"width":36,"height":36,"pixelRatio":2,"sdf":false},"amenity area/motorcycle parking":{"x":588,"y":676,"width":36,"height":36,"pixelRatio":2,"sdf":false},"amenity area/bus station":{"x":624,"y":676,"width":36,"height":36,"pixelRatio":2,"sdf":false},"shop area/tyres":{"x":660,"y":676,"width":28,"height":36,"pixelRatio":2,"sdf":false},"shop area/beauty":{"x":688,"y":676,"width":32,"height":36,"pixelRatio":2,"sdf":false},"information area/audioguide":{"x":720,"y":676,"width":32,"height":36,"pixelRatio":2,"sdf":false},"castle area/palace, stately":{"x":752,"y":676,"width":32,"height":36,"pixelRatio":2,"sdf":false},"information point/office":{"x":784,"y":676,"width":32,"height":36,"pixelRatio":2,"sdf":false},"information area/office":{"x":816,"y":676,"width":32,"height":36,"pixelRatio":2,"sdf":false},"shop area/art":{"x":848,"y":676,"width":32,"height":36,"pixelRatio":2,"sdf":false},"shop area/cosmetics":{"x":880,"y":676,"width":32,"height":36,"pixelRatio":2,"sdf":false},"amenity area/cinema":{"x":912,"y":676,"width":32,"height":36,"pixelRatio":2,"sdf":false},"amenity area/fort":{"x":944,"y":676,"width":32,"height":36,"pixelRatio":2,"sdf":false},"amenity area/fountain":{"x":976,"y":676,"width":32,"height":36,"pixelRatio":2,"sdf":false},"amenity point/fountain":{"x":976,"y":676,"width":32,"height":36,"pixelRatio":2,"sdf":false},"shop area/electronics":{"x":1008,"y":676,"width":32,"height":36,"pixelRatio":2,"sdf":false},"information area/guidepost":{"x":1040,"y":676,"width":32,"height":36,"pixelRatio":2,"sdf":false},"amenity area/public bath":{"x":1072,"y":676,"width":32,"height":36,"pixelRatio":2,"sdf":false},"private access area/playground":{"x":1104,"y":676,"width":32,"height":36,"pixelRatio":2,"sdf":false},"amenity area/playground":{"x":1136,"y":676,"width":32,"height":36,"pixelRatio":2,"sdf":false},"shop area/garden centre":{"x":1168,"y":676,"width":32,"height":36,"pixelRatio":2,"sdf":false},"swimming area":{"x":1200,"y":676,"width":36,"height":36,"pixelRatio":2,"sdf":false},"shop area/video":{"x":1236,"y":676,"width":36,"height":36,"pixelRatio":2,"sdf":false},"shop area/houseware":{"x":1272,"y":676,"width":36,"height":36,"pixelRatio":2,"sdf":false},"amenity area/charging station":{"x":1308,"y":676,"width":36,"height":36,"pixelRatio":2,"sdf":false},"private access area/charging station":{"x":1344,"y":676,"width":36,"height":36,"pixelRatio":2,"sdf":false},"private access area/shelter":{"x":1380,"y":676,"width":32,"height":36,"pixelRatio":2,"sdf":false},"amenity area/shelter":{"x":1412,"y":676,"width":32,"height":36,"pixelRatio":2,"sdf":false},"amenity area/social facility":{"x":1444,"y":676,"width":32,"height":36,"pixelRatio":2,"sdf":false},"private access area/firepit":{"x":1476,"y":676,"width":32,"height":36,"pixelRatio":2,"sdf":false},"amenity area/firepit":{"x":1508,"y":676,"width":32,"height":36,"pixelRatio":2,"sdf":false},"tower area/communication":{"x":1540,"y":676,"width":32,"height":36,"pixelRatio":2,"sdf":false},"tower area/lattice communication":{"x":1572,"y":676,"width":32,"height":36,"pixelRatio":2,"sdf":false},"mast area/communication":{"x":1604,"y":676,"width":32,"height":36,"pixelRatio":2,"sdf":false},"amenity area/sauna":{"x":1636,"y":676,"width":36,"height":36,"pixelRatio":2,"sdf":false},"tower area/dish":{"x":1672,"y":676,"width":32,"height":36,"pixelRatio":2,"sdf":false},"tower point/dish":{"x":1672,"y":676,"width":32,"height":36,"pixelRatio":2,"sdf":false},"shop area/computer":{"x":1704,"y":676,"width":32,"height":36,"pixelRatio":2,"sdf":false},"recycling place area/private":{"x":1736,"y":676,"width":32,"height":36,"pixelRatio":2,"sdf":false},"recycling place area/public":{"x":1768,"y":676,"width":32,"height":36,"pixelRatio":2,"sdf":false},"shop area/toys":{"x":1800,"y":676,"width":36,"height":36,"pixelRatio":2,"sdf":false},"shop area/video games":{"x":1836,"y":676,"width":36,"height":36,"pixelRatio":2,"sdf":false},"shop area/medical supply":{"x":1872,"y":676,"width":32,"height":36,"pixelRatio":2,"sdf":false},"place of worship area/Buddhist":{"x":1904,"y":676,"width":36,"height":36,"pixelRatio":2,"sdf":false},"shop area/photography":{"x":1940,"y":676,"width":36,"height":36,"pixelRatio":2,"sdf":false},"amenity area/internet cafe":{"x":1976,"y":676,"width":36,"height":36,"pixelRatio":2,"sdf":false},"shop area/coffee":{"x":2012,"y":676,"width":36,"height":36,"pixelRatio":2,"sdf":false},"shop area/dairy":{"x":2048,"y":676,"width":36,"height":36,"pixelRatio":2,"sdf":false},"amenity area/arcade":{"x":2084,"y":676,"width":36,"height":36,"pixelRatio":2,"sdf":false},"amenity line/ford":{"x":2120,"y":676,"width":36,"height":36,"pixelRatio":2,"sdf":false},"information point/other":{"x":2156,"y":676,"width":12,"height":32,"pixelRatio":2,"sdf":false},"memorial point/statue":{"x":2168,"y":676,"width":16,"height":32,"pixelRatio":2,"sdf":false},"amenity point/advertising column":{"x":2184,"y":676,"width":16,"height":32,"pixelRatio":2,"sdf":false},"memorial point/artwork":{"x":2200,"y":676,"width":20,"height":32,"pixelRatio":2,"sdf":false},"amenity point (low priority)/motorcycle barrier":{"x":2220,"y":676,"width":20,"height":32,"pixelRatio":2,"sdf":false},"memorial point/bust":{"x":2240,"y":676,"width":24,"height":32,"pixelRatio":2,"sdf":false},"amenity point/restaurant":{"x":2264,"y":676,"width":28,"height":32,"pixelRatio":2,"sdf":false},"amenity point/food court":{"x":2264,"y":676,"width":28,"height":32,"pixelRatio":2,"sdf":false},"private access point/drinking water":{"x":2292,"y":676,"width":28,"height":32,"pixelRatio":2,"sdf":false},"amenity point/drinking water":{"x":2320,"y":676,"width":28,"height":32,"pixelRatio":2,"sdf":false},"telescope point":{"x":2348,"y":676,"width":28,"height":32,"pixelRatio":2,"sdf":false},"amenity point/parking entrance underground":{"x":2376,"y":676,"width":32,"height":32,"pixelRatio":2,"sdf":false},"parking entrance multi-storey":{"x":2408,"y":676,"width":32,"height":32,"pixelRatio":2,"sdf":false},"vending machine point/public transport tickets":{"x":2440,"y":676,"width":32,"height":32,"pixelRatio":2,"sdf":false},"optical telescope point":{"x":2472,"y":676,"width":32,"height":32,"pixelRatio":2,"sdf":false},"vending machine point/parking tickets":{"x":2504,"y":676,"width":32,"height":32,"pixelRatio":2,"sdf":false},"amenity point/fishing":{"x":2536,"y":676,"width":32,"height":32,"pixelRatio":2,"sdf":false},"shop point/fabric":{"x":2568,"y":676,"width":32,"height":32,"pixelRatio":2,"sdf":false},"shop point/carpet":{"x":2600,"y":676,"width":32,"height":32,"pixelRatio":2,"sdf":false},"vending machine point/excrement bags":{"x":2632,"y":676,"width":32,"height":32,"pixelRatio":2,"sdf":false},"wind turbine point":{"x":2664,"y":676,"width":36,"height":32,"pixelRatio":2,"sdf":false},"amenity point/bbq":{"x":2700,"y":676,"width":28,"height":32,"pixelRatio":2,"sdf":false},"private access point/bbq":{"x":2728,"y":676,"width":28,"height":32,"pixelRatio":2,"sdf":false},"amenity point/wayside shrine":{"x":2756,"y":676,"width":16,"height":32,"pixelRatio":2,"sdf":false},"tower point/bell tower":{"x":2772,"y":676,"width":20,"height":32,"pixelRatio":2,"sdf":false},"shop point/mobile phone":{"x":2792,"y":676,"width":20,"height":32,"pixelRatio":2,"sdf":false},"information point/terminal":{"x":2812,"y":676,"width":20,"height":32,"pixelRatio":2,"sdf":false},"amenity point/hunting stand":{"x":2832,"y":676,"width":24,"height":32,"pixelRatio":2,"sdf":false},"shop point/supermarket":{"x":2856,"y":676,"width":36,"height":32,"pixelRatio":2,"sdf":false},"amenity point/hostel":{"x":2892,"y":676,"width":32,"height":32,"pixelRatio":2,"sdf":false},"amenity point/water tower":{"x":2924,"y":676,"width":24,"height":32,"pixelRatio":2,"sdf":false},"shop point/hifi":{"x":2948,"y":676,"width":24,"height":32,"pixelRatio":2,"sdf":false},"amenity point/dentist":{"x":2972,"y":676,"width":24,"height":32,"pixelRatio":2,"sdf":false},"amenity point/fire station":{"x":2996,"y":676,"width":24,"height":32,"pixelRatio":2,"sdf":false},"amenity point/ice cream":{"x":3020,"y":676,"width":24,"height":32,"pixelRatio":2,"sdf":false},"amenity point/vehicle inspection":{"x":3044,"y":676,"width":24,"height":32,"pixelRatio":2,"sdf":false},"tower point/observation":{"x":3068,"y":676,"width":24,"height":32,"pixelRatio":2,"sdf":false},"amenity point/police":{"x":3092,"y":676,"width":24,"height":32,"pixelRatio":2,"sdf":false},"amenity point/car wash":{"x":3116,"y":676,"width":24,"height":32,"pixelRatio":2,"sdf":false},"amenity point/pharmacy":{"x":3140,"y":676,"width":24,"height":32,"pixelRatio":2,"sdf":false},"tower point/lattice":{"x":3164,"y":676,"width":24,"height":32,"pixelRatio":2,"sdf":false},"tower point/lattice lighting":{"x":3188,"y":676,"width":24,"height":32,"pixelRatio":2,"sdf":false},"shop point/deli":{"x":3212,"y":676,"width":24,"height":32,"pixelRatio":2,"sdf":false},"shop point/motorcycle":{"x":3236,"y":676,"width":36,"height":32,"pixelRatio":2,"sdf":false},"chimney point":{"x":3272,"y":676,"width":28,"height":32,"pixelRatio":2,"sdf":false},"place of worship point/Sikh":{"x":3300,"y":676,"width":28,"height":32,"pixelRatio":2,"sdf":false},"amenity point/fuel":{"x":3328,"y":676,"width":28,"height":32,"pixelRatio":2,"sdf":false},"amenity point/monument":{"x":3356,"y":676,"width":28,"height":32,"pixelRatio":2,"sdf":false},"shop point/second hand":{"x":3384,"y":676,"width":28,"height":32,"pixelRatio":2,"sdf":false},"shop point/charity":{"x":3412,"y":676,"width":28,"height":32,"pixelRatio":2,"sdf":false},"shop point/variety store":{"x":0,"y":712,"width":28,"height":32,"pixelRatio":2,"sdf":false},"shop point/florist":{"x":28,"y":712,"width":28,"height":32,"pixelRatio":2,"sdf":false},"amenity point/car rental":{"x":56,"y":712,"width":28,"height":32,"pixelRatio":2,"sdf":false},"private access point/bicycle repair station":{"x":84,"y":712,"width":28,"height":32,"pixelRatio":2,"sdf":false},"place of worship point/Jewish":{"x":112,"y":712,"width":28,"height":32,"pixelRatio":2,"sdf":false},"amenity point/windmill":{"x":140,"y":712,"width":28,"height":32,"pixelRatio":2,"sdf":false},"tower point/defensive":{"x":168,"y":712,"width":28,"height":32,"pixelRatio":2,"sdf":false},"shop point/laundry":{"x":196,"y":712,"width":28,"height":32,"pixelRatio":2,"sdf":false},"amenity point/bicycle rental":{"x":224,"y":712,"width":32,"height":32,"pixelRatio":2,"sdf":false},"amenity point/embassy":{"x":256,"y":712,"width":28,"height":32,"pixelRatio":2,"sdf":false},"shop point/butcher":{"x":284,"y":712,"width":28,"height":32,"pixelRatio":2,"sdf":false},"place of worship point/other":{"x":312,"y":712,"width":32,"height":32,"pixelRatio":2,"sdf":false},"place of worship point/Christian - Jehovah's Witness":{"x":312,"y":712,"width":32,"height":32,"pixelRatio":2,"sdf":false},"shop point/sports":{"x":344,"y":712,"width":32,"height":32,"pixelRatio":2,"sdf":false},"amenity point/ferry terminal":{"x":376,"y":712,"width":28,"height":32,"pixelRatio":2,"sdf":false},"amenity point/motel":{"x":404,"y":712,"width":32,"height":32,"pixelRatio":2,"sdf":false},"shop point/bookmaker":{"x":436,"y":712,"width":32,"height":32,"pixelRatio":2,"sdf":false},"shop point/musical instrument":{"x":468,"y":712,"width":32,"height":32,"pixelRatio":2,"sdf":false},"shop point/books":{"x":500,"y":712,"width":32,"height":32,"pixelRatio":2,"sdf":false},"amenity point/library":{"x":532,"y":712,"width":32,"height":32,"pixelRatio":2,"sdf":false},"amenity point/atm":{"x":564,"y":712,"width":32,"height":32,"pixelRatio":2,"sdf":false},"amenity point/marketplace":{"x":596,"y":712,"width":32,"height":32,"pixelRatio":2,"sdf":false},"amenity point/wilderness hut":{"x":628,"y":712,"width":32,"height":32,"pixelRatio":2,"sdf":false},"private access point/wilderness hut":{"x":660,"y":712,"width":32,"height":32,"pixelRatio":2,"sdf":false},"shop point/hairdresser":{"x":692,"y":712,"width":32,"height":32,"pixelRatio":2,"sdf":false},"amenity point/bureau de change":{"x":724,"y":712,"width":32,"height":32,"pixelRatio":2,"sdf":false},"amenity point/theatre":{"x":756,"y":712,"width":32,"height":32,"pixelRatio":2,"sdf":false},"amenity point/courthouse":{"x":788,"y":712,"width":32,"height":32,"pixelRatio":2,"sdf":false},"place of worship point/Taoist":{"x":820,"y":712,"width":32,"height":32,"pixelRatio":2,"sdf":false},"amenity point/taxi":{"x":852,"y":712,"width":32,"height":32,"pixelRatio":2,"sdf":false},"shop point/alcohol":{"x":884,"y":712,"width":32,"height":32,"pixelRatio":2,"sdf":false},"shop point/beverages":{"x":916,"y":712,"width":32,"height":32,"pixelRatio":2,"sdf":false},"amenity point/biergarten":{"x":948,"y":712,"width":32,"height":32,"pixelRatio":2,"sdf":false},"amenity point/boat rental":{"x":980,"y":712,"width":32,"height":32,"pixelRatio":2,"sdf":false},"shop point/paint":{"x":1012,"y":712,"width":32,"height":32,"pixelRatio":2,"sdf":false},"information point/board":{"x":1044,"y":712,"width":32,"height":32,"pixelRatio":2,"sdf":false},"amenity point/alpine hut":{"x":1076,"y":712,"width":32,"height":32,"pixelRatio":2,"sdf":false},"private access point/alpine hut":{"x":1108,"y":712,"width":32,"height":32,"pixelRatio":2,"sdf":false},"amenity point/outdoor seating":{"x":1140,"y":712,"width":32,"height":32,"pixelRatio":2,"sdf":false},"private access point/toilets":{"x":1172,"y":712,"width":32,"height":32,"pixelRatio":2,"sdf":false},"amenity point/toilets":{"x":1204,"y":712,"width":32,"height":32,"pixelRatio":2,"sdf":false},"shop point/trade":{"x":1236,"y":712,"width":32,"height":32,"pixelRatio":2,"sdf":false},"shop point/tobacco":{"x":1268,"y":712,"width":32,"height":32,"pixelRatio":2,"sdf":false},"amenity point/camp site":{"x":1300,"y":712,"width":32,"height":32,"pixelRatio":2,"sdf":false},"shop point/interior decoration":{"x":1332,"y":712,"width":32,"height":32,"pixelRatio":2,"sdf":false},"amenity point/prison":{"x":1364,"y":712,"width":32,"height":32,"pixelRatio":2,"sdf":false},"shop point/kiosk":{"x":1396,"y":712,"width":36,"height":32,"pixelRatio":2,"sdf":false},"private access point/bicycle parking":{"x":1432,"y":712,"width":36,"height":32,"pixelRatio":2,"sdf":false},"amenity point/bicycle parking":{"x":1468,"y":712,"width":36,"height":32,"pixelRatio":2,"sdf":false},"information point/map":{"x":1504,"y":712,"width":36,"height":32,"pixelRatio":2,"sdf":false},"amenity point/chalet":{"x":1540,"y":712,"width":36,"height":32,"pixelRatio":2,"sdf":false},"amenity point/bird hide":{"x":1576,"y":712,"width":32,"height":32,"pixelRatio":2,"sdf":false},"amenity point/telephone":{"x":1608,"y":712,"width":32,"height":32,"pixelRatio":2,"sdf":false},"amenity point/archaeological site":{"x":1640,"y":712,"width":32,"height":32,"pixelRatio":2,"sdf":false},"shop point/farm":{"x":1672,"y":712,"width":32,"height":32,"pixelRatio":2,"sdf":false},"amenity point/veterinary":{"x":1704,"y":712,"width":32,"height":32,"pixelRatio":2,"sdf":false},"amenity point/lighthouse":{"x":1736,"y":712,"width":32,"height":32,"pixelRatio":2,"sdf":false},"amenity point/beach resort":{"x":1768,"y":712,"width":32,"height":32,"pixelRatio":2,"sdf":false},"shop point/hardware":{"x":1800,"y":712,"width":32,"height":32,"pixelRatio":2,"sdf":false},"amenity point/communications tower":{"x":1832,"y":712,"width":36,"height":32,"pixelRatio":2,"sdf":false},"shop point/music":{"x":1868,"y":712,"width":36,"height":32,"pixelRatio":2,"sdf":false},"shop point/travel agency":{"x":1904,"y":712,"width":36,"height":32,"pixelRatio":2,"sdf":false},"amenity point/viewpoint":{"x":1940,"y":712,"width":36,"height":32,"pixelRatio":2,"sdf":false},"shop point/department store":{"x":1976,"y":712,"width":28,"height":32,"pixelRatio":2,"sdf":false},"amenity area/consulate":{"x":2004,"y":712,"width":24,"height":32,"pixelRatio":2,"sdf":false},"information area/other":{"x":2028,"y":712,"width":12,"height":32,"pixelRatio":2,"sdf":false},"memorial area/statue":{"x":2040,"y":712,"width":16,"height":32,"pixelRatio":2,"sdf":false},"memorial area/artwork":{"x":2056,"y":712,"width":20,"height":32,"pixelRatio":2,"sdf":false},"amenity point/obelisk":{"x":2076,"y":712,"width":20,"height":32,"pixelRatio":2,"sdf":false},"amenity area/obelisk":{"x":2096,"y":712,"width":20,"height":32,"pixelRatio":2,"sdf":false},"memorial area/bust":{"x":2116,"y":712,"width":24,"height":32,"pixelRatio":2,"sdf":false},"amenity point/consulate":{"x":2140,"y":712,"width":24,"height":32,"pixelRatio":2,"sdf":false},"amenity area/restaurant":{"x":2164,"y":712,"width":28,"height":32,"pixelRatio":2,"sdf":false},"amenity area/food court":{"x":2192,"y":712,"width":28,"height":32,"pixelRatio":2,"sdf":false},"private access area/drinking water":{"x":2220,"y":712,"width":28,"height":32,"pixelRatio":2,"sdf":false},"amenity area/drinking water":{"x":2248,"y":712,"width":28,"height":32,"pixelRatio":2,"sdf":false},"telescope area":{"x":2276,"y":712,"width":28,"height":32,"pixelRatio":2,"sdf":false},"vending machine area/public transport tickets":{"x":2304,"y":712,"width":32,"height":32,"pixelRatio":2,"sdf":false},"optical telescope area":{"x":2336,"y":712,"width":32,"height":32,"pixelRatio":2,"sdf":false},"vending machine area/parking tickets":{"x":2368,"y":712,"width":32,"height":32,"pixelRatio":2,"sdf":false},"amenity area/fishing":{"x":2400,"y":712,"width":32,"height":32,"pixelRatio":2,"sdf":false},"shop area/fabric":{"x":2432,"y":712,"width":32,"height":32,"pixelRatio":2,"sdf":false},"shop area/carpet":{"x":2464,"y":712,"width":32,"height":32,"pixelRatio":2,"sdf":false},"crane point":{"x":2496,"y":712,"width":32,"height":32,"pixelRatio":2,"sdf":false},"crane area":{"x":2528,"y":712,"width":32,"height":32,"pixelRatio":2,"sdf":false},"vending machine area/excrement bags":{"x":2560,"y":712,"width":32,"height":32,"pixelRatio":2,"sdf":false},"wind turbine area":{"x":2592,"y":712,"width":36,"height":32,"pixelRatio":2,"sdf":false},"tower point/dome":{"x":2628,"y":712,"width":16,"height":32,"pixelRatio":2,"sdf":false},"tower area/dome":{"x":2628,"y":712,"width":16,"height":32,"pixelRatio":2,"sdf":false},"amenity area/bbq":{"x":2644,"y":712,"width":28,"height":32,"pixelRatio":2,"sdf":false},"private access area/bbq":{"x":2672,"y":712,"width":28,"height":32,"pixelRatio":2,"sdf":false},"amenity area/advertising column":{"x":2700,"y":712,"width":16,"height":32,"pixelRatio":2,"sdf":false},"tower area/bell tower":{"x":2716,"y":712,"width":20,"height":32,"pixelRatio":2,"sdf":false},"shop area/mobile phone":{"x":2736,"y":712,"width":20,"height":32,"pixelRatio":2,"sdf":false},"information area/terminal":{"x":2756,"y":712,"width":20,"height":32,"pixelRatio":2,"sdf":false},"amenity area/hunting stand":{"x":2776,"y":712,"width":24,"height":32,"pixelRatio":2,"sdf":false},"shop area/supermarket":{"x":2800,"y":712,"width":36,"height":32,"pixelRatio":2,"sdf":false},"amenity area/hostel":{"x":2836,"y":712,"width":32,"height":32,"pixelRatio":2,"sdf":false},"amenity area/water tower":{"x":2868,"y":712,"width":24,"height":32,"pixelRatio":2,"sdf":false},"shop area/hifi":{"x":2892,"y":712,"width":24,"height":32,"pixelRatio":2,"sdf":false},"amenity area/dentist":{"x":2916,"y":712,"width":24,"height":32,"pixelRatio":2,"sdf":false},"amenity area/fire station":{"x":2940,"y":712,"width":24,"height":32,"pixelRatio":2,"sdf":false},"amenity area/ice cream":{"x":2964,"y":712,"width":24,"height":32,"pixelRatio":2,"sdf":false},"amenity area/vehicle inspection":{"x":2988,"y":712,"width":24,"height":32,"pixelRatio":2,"sdf":false},"tower area/observation":{"x":3012,"y":712,"width":24,"height":32,"pixelRatio":2,"sdf":false},"amenity area/police":{"x":3036,"y":712,"width":24,"height":32,"pixelRatio":2,"sdf":false},"amenity area/car wash":{"x":3060,"y":712,"width":24,"height":32,"pixelRatio":2,"sdf":false},"amenity area/pharmacy":{"x":3084,"y":712,"width":24,"height":32,"pixelRatio":2,"sdf":false},"tower area/lattice":{"x":3108,"y":712,"width":24,"height":32,"pixelRatio":2,"sdf":false},"tower area/lattice lighting":{"x":3132,"y":712,"width":24,"height":32,"pixelRatio":2,"sdf":false},"shop area/deli":{"x":3156,"y":712,"width":24,"height":32,"pixelRatio":2,"sdf":false},"shop area/motorcycle":{"x":3180,"y":712,"width":36,"height":32,"pixelRatio":2,"sdf":false},"chimney area":{"x":3216,"y":712,"width":28,"height":32,"pixelRatio":2,"sdf":false},"place of worship area/Sikh":{"x":3244,"y":712,"width":28,"height":32,"pixelRatio":2,"sdf":false},"amenity area/fuel":{"x":3272,"y":712,"width":28,"height":32,"pixelRatio":2,"sdf":false},"amenity area/monument":{"x":3300,"y":712,"width":28,"height":32,"pixelRatio":2,"sdf":false},"shop area/second hand":{"x":3328,"y":712,"width":28,"height":32,"pixelRatio":2,"sdf":false},"shop area/charity":{"x":3356,"y":712,"width":28,"height":32,"pixelRatio":2,"sdf":false},"shop area/variety store":{"x":3384,"y":712,"width":28,"height":32,"pixelRatio":2,"sdf":false},"shop area/florist":{"x":3412,"y":712,"width":28,"height":32,"pixelRatio":2,"sdf":false},"amenity area/car rental":{"x":0,"y":744,"width":28,"height":32,"pixelRatio":2,"sdf":false},"private access area/bicycle repair station":{"x":28,"y":744,"width":28,"height":32,"pixelRatio":2,"sdf":false},"place of worship area/Jewish":{"x":56,"y":744,"width":28,"height":32,"pixelRatio":2,"sdf":false},"amenity area/windmill":{"x":84,"y":744,"width":28,"height":32,"pixelRatio":2,"sdf":false},"tower area/defensive":{"x":112,"y":744,"width":28,"height":32,"pixelRatio":2,"sdf":false},"shop area/laundry":{"x":140,"y":744,"width":28,"height":32,"pixelRatio":2,"sdf":false},"amenity area/bicycle rental":{"x":168,"y":744,"width":32,"height":32,"pixelRatio":2,"sdf":false},"amenity area/embassy":{"x":200,"y":744,"width":28,"height":32,"pixelRatio":2,"sdf":false},"shop area/butcher":{"x":228,"y":744,"width":28,"height":32,"pixelRatio":2,"sdf":false},"place of worship area/Christian - Jehovah's Witness":{"x":256,"y":744,"width":32,"height":32,"pixelRatio":2,"sdf":false},"place of worship area/other":{"x":256,"y":744,"width":32,"height":32,"pixelRatio":2,"sdf":false},"shop area/sports":{"x":288,"y":744,"width":32,"height":32,"pixelRatio":2,"sdf":false},"amenity area/ferry terminal":{"x":320,"y":744,"width":28,"height":32,"pixelRatio":2,"sdf":false},"amenity area/motel":{"x":348,"y":744,"width":32,"height":32,"pixelRatio":2,"sdf":false},"shop area/bookmaker":{"x":380,"y":744,"width":32,"height":32,"pixelRatio":2,"sdf":false},"shop area/musical instrument":{"x":412,"y":744,"width":32,"height":32,"pixelRatio":2,"sdf":false},"shop area/books":{"x":444,"y":744,"width":32,"height":32,"pixelRatio":2,"sdf":false},"amenity area/library":{"x":476,"y":744,"width":32,"height":32,"pixelRatio":2,"sdf":false},"amenity area/atm":{"x":508,"y":744,"width":32,"height":32,"pixelRatio":2,"sdf":false},"amenity area/marketplace":{"x":540,"y":744,"width":32,"height":32,"pixelRatio":2,"sdf":false},"amenity area/wilderness hut":{"x":572,"y":744,"width":32,"height":32,"pixelRatio":2,"sdf":false},"private access area/wilderness hut":{"x":604,"y":744,"width":32,"height":32,"pixelRatio":2,"sdf":false},"shop area/hairdresser":{"x":636,"y":744,"width":32,"height":32,"pixelRatio":2,"sdf":false},"amenity area/bureau de change":{"x":668,"y":744,"width":32,"height":32,"pixelRatio":2,"sdf":false},"amenity area/theatre":{"x":700,"y":744,"width":32,"height":32,"pixelRatio":2,"sdf":false},"amenity area/courthouse":{"x":732,"y":744,"width":32,"height":32,"pixelRatio":2,"sdf":false},"place of worship area/Taoist":{"x":764,"y":744,"width":32,"height":32,"pixelRatio":2,"sdf":false},"amenity area/taxi":{"x":796,"y":744,"width":32,"height":32,"pixelRatio":2,"sdf":false},"shop area/alcohol":{"x":828,"y":744,"width":32,"height":32,"pixelRatio":2,"sdf":false},"shop area/beverages":{"x":860,"y":744,"width":32,"height":32,"pixelRatio":2,"sdf":false},"amenity area/biergarten":{"x":892,"y":744,"width":32,"height":32,"pixelRatio":2,"sdf":false},"amenity area/boat rental":{"x":924,"y":744,"width":32,"height":32,"pixelRatio":2,"sdf":false},"shop area/paint":{"x":956,"y":744,"width":32,"height":32,"pixelRatio":2,"sdf":false},"information area/board":{"x":988,"y":744,"width":32,"height":32,"pixelRatio":2,"sdf":false},"amenity area/alpine hut":{"x":1020,"y":744,"width":32,"height":32,"pixelRatio":2,"sdf":false},"private access area/alpine hut":{"x":1052,"y":744,"width":32,"height":32,"pixelRatio":2,"sdf":false},"amenity area/outdoor seating":{"x":1084,"y":744,"width":32,"height":32,"pixelRatio":2,"sdf":false},"private access area/toilets":{"x":1116,"y":744,"width":32,"height":32,"pixelRatio":2,"sdf":false},"amenity area/toilets":{"x":1148,"y":744,"width":32,"height":32,"pixelRatio":2,"sdf":false},"shop area/trade":{"x":1180,"y":744,"width":32,"height":32,"pixelRatio":2,"sdf":false},"shop area/tobacco":{"x":1212,"y":744,"width":32,"height":32,"pixelRatio":2,"sdf":false},"amenity area/camp site":{"x":1244,"y":744,"width":32,"height":32,"pixelRatio":2,"sdf":false},"shop area/interior decoration":{"x":1276,"y":744,"width":32,"height":32,"pixelRatio":2,"sdf":false},"amenity area/prison":{"x":1308,"y":744,"width":32,"height":32,"pixelRatio":2,"sdf":false},"shop area/kiosk":{"x":1340,"y":744,"width":36,"height":32,"pixelRatio":2,"sdf":false},"private access area/bicycle parking":{"x":1376,"y":744,"width":36,"height":32,"pixelRatio":2,"sdf":false},"amenity area/bicycle parking":{"x":1412,"y":744,"width":36,"height":32,"pixelRatio":2,"sdf":false},"information area/map":{"x":1448,"y":744,"width":36,"height":32,"pixelRatio":2,"sdf":false},"amenity area/chalet":{"x":1484,"y":744,"width":36,"height":32,"pixelRatio":2,"sdf":false},"amenity area/bird hide":{"x":1520,"y":744,"width":32,"height":32,"pixelRatio":2,"sdf":false},"amenity area/telephone":{"x":1552,"y":744,"width":32,"height":32,"pixelRatio":2,"sdf":false},"amenity area/archaeological site":{"x":1584,"y":744,"width":32,"height":32,"pixelRatio":2,"sdf":false},"shop area/farm":{"x":1616,"y":744,"width":32,"height":32,"pixelRatio":2,"sdf":false},"amenity area/veterinary":{"x":1648,"y":744,"width":32,"height":32,"pixelRatio":2,"sdf":false},"amenity area/lighthouse":{"x":1680,"y":744,"width":32,"height":32,"pixelRatio":2,"sdf":false},"amenity area/beach resort":{"x":1712,"y":744,"width":32,"height":32,"pixelRatio":2,"sdf":false},"shop area/hardware":{"x":1744,"y":744,"width":32,"height":32,"pixelRatio":2,"sdf":false},"amenity area/communications tower":{"x":1776,"y":744,"width":36,"height":32,"pixelRatio":2,"sdf":false},"shop area/music":{"x":1812,"y":744,"width":36,"height":32,"pixelRatio":2,"sdf":false},"shop area/travel agency":{"x":1848,"y":744,"width":36,"height":32,"pixelRatio":2,"sdf":false},"amenity area/viewpoint":{"x":1884,"y":744,"width":36,"height":32,"pixelRatio":2,"sdf":false},"shop area/department store":{"x":1920,"y":744,"width":28,"height":32,"pixelRatio":2,"sdf":false},"landcover/garden":{"x":1948,"y":744,"width":32,"height":32,"pixelRatio":2,"sdf":false},"landcover/plant nursery":{"x":1948,"y":744,"width":32,"height":32,"pixelRatio":2,"sdf":false},"landcover/prison":{"x":1980,"y":744,"width":32,"height":32,"pixelRatio":2,"sdf":false},"landcover/danger area":{"x":2012,"y":744,"width":32,"height":32,"pixelRatio":2,"sdf":false},"landcover/military":{"x":2044,"y":744,"width":32,"height":32,"pixelRatio":2,"sdf":false},"aerodrome point":{"x":2076,"y":744,"width":28,"height":28,"pixelRatio":2,"sdf":false},"amenity point/elevator":{"x":2104,"y":744,"width":28,"height":28,"pixelRatio":2,"sdf":false},"amenity point/post box":{"x":2132,"y":744,"width":32,"height":28,"pixelRatio":2,"sdf":false},"amenity point (low priority)/full-height turnstile":{"x":2164,"y":744,"width":20,"height":28,"pixelRatio":2,"sdf":false},"amenity point (low priority)/kissing gate":{"x":2184,"y":744,"width":28,"height":28,"pixelRatio":2,"sdf":false},"memorial point/stone":{"x":2212,"y":744,"width":36,"height":28,"pixelRatio":2,"sdf":false},"amenity point/slipway":{"x":2248,"y":744,"width":32,"height":28,"pixelRatio":2,"sdf":false},"amenity point/casino":{"x":2280,"y":744,"width":36,"height":28,"pixelRatio":2,"sdf":false},"amenity point (low priority)/stile":{"x":2316,"y":744,"width":20,"height":28,"pixelRatio":2,"sdf":false},"private access point/parking":{"x":2336,"y":744,"width":32,"height":28,"pixelRatio":2,"sdf":false},"amenity point/parking":{"x":2368,"y":744,"width":32,"height":28,"pixelRatio":2,"sdf":false},"amenity point/pub":{"x":2400,"y":744,"width":24,"height":28,"pixelRatio":2,"sdf":false},"shop point/convenience":{"x":2424,"y":744,"width":36,"height":28,"pixelRatio":2,"sdf":false},"amenity point/bar":{"x":2460,"y":744,"width":28,"height":28,"pixelRatio":2,"sdf":false},"shop point/car":{"x":2488,"y":744,"width":32,"height":28,"pixelRatio":2,"sdf":false},"shop point/bicycle":{"x":2520,"y":744,"width":32,"height":28,"pixelRatio":2,"sdf":false},"shop point/bed":{"x":2552,"y":744,"width":32,"height":28,"pixelRatio":2,"sdf":false},"castle point/castrum, defensive, fortress, kremlin, shiro":{"x":2584,"y":744,"width":32,"height":28,"pixelRatio":2,"sdf":false},"shop point/clothes":{"x":2616,"y":744,"width":32,"height":28,"pixelRatio":2,"sdf":false},"amenity point/cafe":{"x":2648,"y":744,"width":32,"height":28,"pixelRatio":2,"sdf":false},"shop point/massage":{"x":2680,"y":744,"width":32,"height":28,"pixelRatio":2,"sdf":false},"amenity point/doctor":{"x":2712,"y":744,"width":32,"height":28,"pixelRatio":2,"sdf":false},"amenity point/clinic":{"x":2744,"y":744,"width":32,"height":28,"pixelRatio":2,"sdf":false},"shop point/bag":{"x":2776,"y":744,"width":32,"height":28,"pixelRatio":2,"sdf":false},"place of worship point/Muslim":{"x":2808,"y":744,"width":32,"height":28,"pixelRatio":2,"sdf":false},"amenity point/emergency phone":{"x":2840,"y":744,"width":32,"height":28,"pixelRatio":2,"sdf":false},"amenity point/community centre":{"x":2872,"y":744,"width":32,"height":28,"pixelRatio":2,"sdf":false},"castle point/manor":{"x":2904,"y":744,"width":32,"height":28,"pixelRatio":2,"sdf":false},"shop point/car parts":{"x":2936,"y":744,"width":32,"height":28,"pixelRatio":2,"sdf":false},"amenity point/museum":{"x":2968,"y":744,"width":32,"height":28,"pixelRatio":2,"sdf":false},"castle point/other":{"x":3000,"y":744,"width":32,"height":28,"pixelRatio":2,"sdf":false},"amenity point/city gate":{"x":3032,"y":744,"width":32,"height":28,"pixelRatio":2,"sdf":false},"place of worship point/Hindu":{"x":3064,"y":744,"width":36,"height":28,"pixelRatio":2,"sdf":false},"amenity point/fast food":{"x":3100,"y":744,"width":32,"height":28,"pixelRatio":2,"sdf":false},"shop point/tea":{"x":3132,"y":744,"width":36,"height":28,"pixelRatio":2,"sdf":false},"amenity area/city gate":{"x":3168,"y":744,"width":32,"height":28,"pixelRatio":2,"sdf":false},"aerodrome area":{"x":3200,"y":744,"width":28,"height":28,"pixelRatio":2,"sdf":false},"amenity area/fountain_1":{"x":3228,"y":744,"width":28,"height":28,"pixelRatio":2,"sdf":false},"amenity point/fountain_1":{"x":3228,"y":744,"width":28,"height":28,"pixelRatio":2,"sdf":false},"amenity area/elevator":{"x":3256,"y":744,"width":28,"height":28,"pixelRatio":2,"sdf":false},"amenity area/post box":{"x":3284,"y":744,"width":32,"height":28,"pixelRatio":2,"sdf":false},"amenity area (low priority)/full-height turnstile":{"x":3316,"y":744,"width":20,"height":28,"pixelRatio":2,"sdf":false},"memorial area/stone":{"x":3336,"y":744,"width":36,"height":28,"pixelRatio":2,"sdf":false},"amenity area/casino":{"x":3372,"y":744,"width":36,"height":28,"pixelRatio":2,"sdf":false},"amenity area (low priority)/stile":{"x":3408,"y":744,"width":20,"height":28,"pixelRatio":2,"sdf":false},"private access area/parking":{"x":0,"y":776,"width":32,"height":28,"pixelRatio":2,"sdf":false},"amenity area/parking":{"x":32,"y":776,"width":32,"height":28,"pixelRatio":2,"sdf":false},"amenity area/pub":{"x":64,"y":776,"width":24,"height":28,"pixelRatio":2,"sdf":false},"shop area/convenience":{"x":88,"y":776,"width":36,"height":28,"pixelRatio":2,"sdf":false},"amenity area/bar":{"x":124,"y":776,"width":28,"height":28,"pixelRatio":2,"sdf":false},"shop area/car":{"x":152,"y":776,"width":32,"height":28,"pixelRatio":2,"sdf":false},"shop area/bicycle":{"x":184,"y":776,"width":32,"height":28,"pixelRatio":2,"sdf":false},"shop area/bed":{"x":216,"y":776,"width":32,"height":28,"pixelRatio":2,"sdf":false},"castle area/castrum, defensive, fortress, kremlin, shiro":{"x":248,"y":776,"width":32,"height":28,"pixelRatio":2,"sdf":false},"shop area/clothes":{"x":280,"y":776,"width":32,"height":28,"pixelRatio":2,"sdf":false},"amenity area/cafe":{"x":312,"y":776,"width":32,"height":28,"pixelRatio":2,"sdf":false},"shop area/massage":{"x":344,"y":776,"width":32,"height":28,"pixelRatio":2,"sdf":false},"amenity area/doctor":{"x":376,"y":776,"width":32,"height":28,"pixelRatio":2,"sdf":false},"amenity area/clinic":{"x":408,"y":776,"width":32,"height":28,"pixelRatio":2,"sdf":false},"shop area/bag":{"x":440,"y":776,"width":32,"height":28,"pixelRatio":2,"sdf":false},"place of worship area/Muslim":{"x":472,"y":776,"width":32,"height":28,"pixelRatio":2,"sdf":false},"amenity area/community centre":{"x":504,"y":776,"width":32,"height":28,"pixelRatio":2,"sdf":false},"castle area/manor":{"x":536,"y":776,"width":32,"height":28,"pixelRatio":2,"sdf":false},"shop area/car parts":{"x":568,"y":776,"width":32,"height":28,"pixelRatio":2,"sdf":false},"amenity area/museum":{"x":600,"y":776,"width":32,"height":28,"pixelRatio":2,"sdf":false},"castle area/other":{"x":632,"y":776,"width":32,"height":28,"pixelRatio":2,"sdf":false},"place of worship area/Hindu":{"x":664,"y":776,"width":36,"height":28,"pixelRatio":2,"sdf":false},"amenity area/fast food":{"x":700,"y":776,"width":32,"height":28,"pixelRatio":2,"sdf":false},"shop area/tea":{"x":732,"y":776,"width":36,"height":28,"pixelRatio":2,"sdf":false},"amenity line/slipway":{"x":768,"y":776,"width":32,"height":28,"pixelRatio":2,"sdf":false},"amenity point/bus stop":{"x":800,"y":776,"width":20,"height":24,"pixelRatio":2,"sdf":false},"amenity point (low priority)/railway crossing":{"x":820,"y":776,"width":24,"height":24,"pixelRatio":2,"sdf":false},"amenity point (low priority)/railway level crossing":{"x":820,"y":776,"width":24,"height":24,"pixelRatio":2,"sdf":false},"amenity point/spring":{"x":844,"y":776,"width":24,"height":24,"pixelRatio":2,"sdf":false},"amenity point/volcano":{"x":868,"y":776,"width":20,"height":24,"pixelRatio":2,"sdf":false},"amenity point/peak":{"x":888,"y":776,"width":20,"height":24,"pixelRatio":2,"sdf":false},"amenity point/saddle":{"x":908,"y":776,"width":20,"height":24,"pixelRatio":2,"sdf":false},"amenity point (low priority)/mini roundabout":{"x":928,"y":776,"width":24,"height":24,"pixelRatio":2,"sdf":false},"amenity point (low priority)/gate":{"x":952,"y":776,"width":28,"height":24,"pixelRatio":2,"sdf":false},"amenity point (low priority)/cattle grid":{"x":980,"y":776,"width":28,"height":24,"pixelRatio":2,"sdf":false},"amenity point/cave entrance":{"x":1008,"y":776,"width":32,"height":24,"pixelRatio":2,"sdf":false},"shop point/optician":{"x":1040,"y":776,"width":32,"height":24,"pixelRatio":2,"sdf":false},"amenity point/bank":{"x":1072,"y":776,"width":32,"height":24,"pixelRatio":2,"sdf":false},"shop point/furniture":{"x":1104,"y":776,"width":32,"height":24,"pixelRatio":2,"sdf":false},"amenity point/caravan site":{"x":1136,"y":776,"width":32,"height":24,"pixelRatio":2,"sdf":false},"amenity point/post office":{"x":1168,"y":776,"width":32,"height":24,"pixelRatio":2,"sdf":false},"private access point/picnic site":{"x":1200,"y":776,"width":36,"height":24,"pixelRatio":2,"sdf":false},"private access point/picnic table":{"x":1236,"y":776,"width":36,"height":24,"pixelRatio":2,"sdf":false},"amenity point/picnic site":{"x":1272,"y":776,"width":36,"height":24,"pixelRatio":2,"sdf":false},"amenity point/picnic table":{"x":1308,"y":776,"width":36,"height":24,"pixelRatio":2,"sdf":false},"shop point/ticket":{"x":1344,"y":776,"width":36,"height":24,"pixelRatio":2,"sdf":false},"memorial point/plaque":{"x":1380,"y":776,"width":32,"height":24,"pixelRatio":2,"sdf":false},"railway station area":{"x":1412,"y":776,"width":24,"height":24,"pixelRatio":2,"sdf":false},"amenity area/bus stop":{"x":1436,"y":776,"width":20,"height":24,"pixelRatio":2,"sdf":false},"railway station point":{"x":1456,"y":776,"width":24,"height":24,"pixelRatio":2,"sdf":false},"amenity area/spring":{"x":1480,"y":776,"width":24,"height":24,"pixelRatio":2,"sdf":false},"station point/subway entrance":{"x":1504,"y":776,"width":28,"height":24,"pixelRatio":2,"sdf":false},"capital":{"x":1532,"y":776,"width":24,"height":24,"pixelRatio":2,"sdf":false},"entrance/service (other access)":{"x":1556,"y":776,"width":24,"height":24,"pixelRatio":2,"sdf":false},"entrance/service (public access)":{"x":1580,"y":776,"width":24,"height":24,"pixelRatio":2,"sdf":false},"entrance/home, staircase (other access)":{"x":1604,"y":776,"width":24,"height":24,"pixelRatio":2,"sdf":false},"entrance/home, staircase (public access)":{"x":1628,"y":776,"width":24,"height":24,"pixelRatio":2,"sdf":false},"amenity area (low priority)/gate":{"x":1652,"y":776,"width":28,"height":24,"pixelRatio":2,"sdf":false},"amenity area (low priority)/cattle grid":{"x":1680,"y":776,"width":28,"height":24,"pixelRatio":2,"sdf":false},"shop area/optician":{"x":1708,"y":776,"width":32,"height":24,"pixelRatio":2,"sdf":false},"amenity area/bank":{"x":1740,"y":776,"width":32,"height":24,"pixelRatio":2,"sdf":false},"shop area/furniture":{"x":1772,"y":776,"width":32,"height":24,"pixelRatio":2,"sdf":false},"amenity area/caravan site":{"x":1804,"y":776,"width":32,"height":24,"pixelRatio":2,"sdf":false},"amenity area/post office":{"x":1836,"y":776,"width":32,"height":24,"pixelRatio":2,"sdf":false},"private access area/picnic site":{"x":1868,"y":776,"width":36,"height":24,"pixelRatio":2,"sdf":false},"private access area/picnic table":{"x":1904,"y":776,"width":36,"height":24,"pixelRatio":2,"sdf":false},"amenity area/picnic site":{"x":1940,"y":776,"width":36,"height":24,"pixelRatio":2,"sdf":false},"amenity area/picnic table":{"x":1976,"y":776,"width":36,"height":24,"pixelRatio":2,"sdf":false},"shop area/ticket":{"x":2012,"y":776,"width":36,"height":24,"pixelRatio":2,"sdf":false},"memorial area/plaque":{"x":2048,"y":776,"width":32,"height":24,"pixelRatio":2,"sdf":false},"aerialway/chair lift, drag lift, t-bar, j-bar, platter, rope tow, zip line/0":{"x":2080,"y":776,"width":12,"height":24,"pixelRatio":2,"sdf":false},"natural cliff/0":{"x":2092,"y":776,"width":40,"height":24,"pixelRatio":2,"sdf":false},"entrance/no access":{"x":2132,"y":776,"width":20,"height":20,"pixelRatio":2,"sdf":false},"amenity point/cross, wayside cross":{"x":2152,"y":776,"width":16,"height":20,"pixelRatio":2,"sdf":false},"private access point/waste basket":{"x":2168,"y":776,"width":16,"height":20,"pixelRatio":2,"sdf":false},"amenity point (low priority)/waste basket":{"x":2184,"y":776,"width":16,"height":20,"pixelRatio":2,"sdf":false},"amenity point (low priority)/railway level crossing_1":{"x":2200,"y":776,"width":20,"height":20,"pixelRatio":2,"sdf":false},"amenity point (low priority)/railway crossing_1":{"x":2200,"y":776,"width":20,"height":20,"pixelRatio":2,"sdf":false},"shop point/bakery":{"x":2220,"y":776,"width":32,"height":20,"pixelRatio":2,"sdf":false},"shop point/seafood":{"x":2252,"y":776,"width":32,"height":20,"pixelRatio":2,"sdf":false},"amenity point/bunker":{"x":2284,"y":776,"width":32,"height":20,"pixelRatio":2,"sdf":false},"amenity point/hotel":{"x":2316,"y":776,"width":32,"height":20,"pixelRatio":2,"sdf":false},"shop point/shoes":{"x":2348,"y":776,"width":36,"height":20,"pixelRatio":2,"sdf":false},"private access point/bench":{"x":2384,"y":776,"width":32,"height":20,"pixelRatio":2,"sdf":false},"amenity point (low priority)/bench":{"x":2416,"y":776,"width":32,"height":20,"pixelRatio":2,"sdf":false},"power tower":{"x":2448,"y":776,"width":20,"height":20,"pixelRatio":2,"sdf":false},"entrance/main (other access)":{"x":2468,"y":776,"width":20,"height":20,"pixelRatio":2,"sdf":false},"entrance/main (public access)":{"x":2488,"y":776,"width":20,"height":20,"pixelRatio":2,"sdf":false},"place (high importance)":{"x":2508,"y":776,"width":20,"height":20,"pixelRatio":2,"sdf":false},"shop area/bakery":{"x":2528,"y":776,"width":32,"height":20,"pixelRatio":2,"sdf":false},"shop area/seafood":{"x":2560,"y":776,"width":32,"height":20,"pixelRatio":2,"sdf":false},"amenity area/bunker":{"x":2592,"y":776,"width":32,"height":20,"pixelRatio":2,"sdf":false},"amenity area/hotel":{"x":2624,"y":776,"width":32,"height":20,"pixelRatio":2,"sdf":false},"shop area/shoes":{"x":2656,"y":776,"width":36,"height":20,"pixelRatio":2,"sdf":false},"railway/miniature/0":{"x":2692,"y":776,"width":12,"height":20,"pixelRatio":2,"sdf":false},"railway (bridge)/miniature/0":{"x":2704,"y":776,"width":12,"height":20,"pixelRatio":2,"sdf":false},"pipeline/other/0":{"x":2716,"y":776,"width":24,"height":20,"pixelRatio":2,"sdf":false},"pipeline/water/0":{"x":2716,"y":776,"width":24,"height":20,"pixelRatio":2,"sdf":false},"pipeline/oil/0":{"x":2716,"y":776,"width":24,"height":20,"pixelRatio":2,"sdf":false},"pipeline/gas/0":{"x":2716,"y":776,"width":24,"height":20,"pixelRatio":2,"sdf":false},"amenity point (low priority)/lift gate, swing gate":{"x":2740,"y":776,"width":20,"height":16,"pixelRatio":2,"sdf":false},"amenity point/bus stop_1":{"x":2760,"y":776,"width":16,"height":16,"pixelRatio":2,"sdf":false},"amenity area/office":{"x":2776,"y":776,"width":16,"height":16,"pixelRatio":2,"sdf":false},"amenity area (low priority)/lift gate, swing gate/1":{"x":2792,"y":776,"width":20,"height":16,"pixelRatio":2,"sdf":false},"station area/tram stop":{"x":2812,"y":776,"width":16,"height":16,"pixelRatio":2,"sdf":false},"station area/aerialway station, halt":{"x":2812,"y":776,"width":16,"height":16,"pixelRatio":2,"sdf":false},"shop point/other":{"x":2828,"y":776,"width":16,"height":16,"pixelRatio":2,"sdf":false},"embankment/0":{"x":2844,"y":776,"width":8,"height":16,"pixelRatio":2,"sdf":false},"station point/aerialway station, halt":{"x":2852,"y":776,"width":16,"height":16,"pixelRatio":2,"sdf":false},"station point/tram stop":{"x":2852,"y":776,"width":16,"height":16,"pixelRatio":2,"sdf":false},"amenity area/bus stop_1":{"x":2868,"y":776,"width":16,"height":16,"pixelRatio":2,"sdf":false},"amenity point/childcare":{"x":2884,"y":776,"width":16,"height":16,"pixelRatio":2,"sdf":false},"amenity point/driving school":{"x":2900,"y":776,"width":16,"height":16,"pixelRatio":2,"sdf":false},"amenity point/office":{"x":2916,"y":776,"width":16,"height":16,"pixelRatio":2,"sdf":false},"amenity point/health care":{"x":2932,"y":776,"width":16,"height":16,"pixelRatio":2,"sdf":false},"place (medium importance)":{"x":2948,"y":776,"width":16,"height":16,"pixelRatio":2,"sdf":false},"amenity point/pub_1":{"x":2964,"y":776,"width":16,"height":16,"pixelRatio":2,"sdf":false},"amenity point/cafe_1":{"x":2964,"y":776,"width":16,"height":16,"pixelRatio":2,"sdf":false},"amenity point/fast food_1":{"x":2964,"y":776,"width":16,"height":16,"pixelRatio":2,"sdf":false},"amenity point/restaurant_1":{"x":2964,"y":776,"width":16,"height":16,"pixelRatio":2,"sdf":false},"amenity point/biergarten_1":{"x":2964,"y":776,"width":16,"height":16,"pixelRatio":2,"sdf":false},"amenity point/ice cream_1":{"x":2964,"y":776,"width":16,"height":16,"pixelRatio":2,"sdf":false},"amenity point/bar_1":{"x":2964,"y":776,"width":16,"height":16,"pixelRatio":2,"sdf":false},"shop point/medical supply_1":{"x":2980,"y":776,"width":16,"height":16,"pixelRatio":2,"sdf":false},"shop point/laundry_1":{"x":2980,"y":776,"width":16,"height":16,"pixelRatio":2,"sdf":false},"shop point/kiosk_1":{"x":2980,"y":776,"width":16,"height":16,"pixelRatio":2,"sdf":false},"shop point/jewelry_1":{"x":2980,"y":776,"width":16,"height":16,"pixelRatio":2,"sdf":false},"shop point/hifi_1":{"x":2980,"y":776,"width":16,"height":16,"pixelRatio":2,"sdf":false},"shop point/hardware_1":{"x":2980,"y":776,"width":16,"height":16,"pixelRatio":2,"sdf":false},"shop point/hairdresser_1":{"x":2980,"y":776,"width":16,"height":16,"pixelRatio":2,"sdf":false},"shop point/gift_1":{"x":2980,"y":776,"width":16,"height":16,"pixelRatio":2,"sdf":false},"shop point/garden centre_1":{"x":2980,"y":776,"width":16,"height":16,"pixelRatio":2,"sdf":false},"shop point/tea_1":{"x":2980,"y":776,"width":16,"height":16,"pixelRatio":2,"sdf":false},"shop point/furniture_1":{"x":2980,"y":776,"width":16,"height":16,"pixelRatio":2,"sdf":false},"shop point/florist_1":{"x":2980,"y":776,"width":16,"height":16,"pixelRatio":2,"sdf":false},"shop point/farm_1":{"x":2980,"y":776,"width":16,"height":16,"pixelRatio":2,"sdf":false},"shop point/electronics_1":{"x":2980,"y":776,"width":16,"height":16,"pixelRatio":2,"sdf":false},"shop point/deli_1":{"x":2980,"y":776,"width":16,"height":16,"pixelRatio":2,"sdf":false},"shop point/dairy_1":{"x":2980,"y":776,"width":16,"height":16,"pixelRatio":2,"sdf":false},"shop point/cosmetics_1":{"x":2980,"y":776,"width":16,"height":16,"pixelRatio":2,"sdf":false},"shop point/outdoor_1":{"x":2980,"y":776,"width":16,"height":16,"pixelRatio":2,"sdf":false},"shop point/copyshop_1":{"x":2980,"y":776,"width":16,"height":16,"pixelRatio":2,"sdf":false},"shop point/convenience_1":{"x":2980,"y":776,"width":16,"height":16,"pixelRatio":2,"sdf":false},"shop point/confectionery_1":{"x":2980,"y":776,"width":16,"height":16,"pixelRatio":2,"sdf":false},"shop point/computer_1":{"x":2980,"y":776,"width":16,"height":16,"pixelRatio":2,"sdf":false},"shop point/coffee_1":{"x":2980,"y":776,"width":16,"height":16,"pixelRatio":2,"sdf":false},"shop point/chemist_1":{"x":2980,"y":776,"width":16,"height":16,"pixelRatio":2,"sdf":false},"shop point/car parts_1":{"x":2980,"y":776,"width":16,"height":16,"pixelRatio":2,"sdf":false},"shop point/car_1":{"x":2980,"y":776,"width":16,"height":16,"pixelRatio":2,"sdf":false},"shop point/butcher_1":{"x":2980,"y":776,"width":16,"height":16,"pixelRatio":2,"sdf":false},"shop point/books_1":{"x":2980,"y":776,"width":16,"height":16,"pixelRatio":2,"sdf":false},"shop point/bicycle_1":{"x":2980,"y":776,"width":16,"height":16,"pixelRatio":2,"sdf":false},"shop point/beverages_1":{"x":2980,"y":776,"width":16,"height":16,"pixelRatio":2,"sdf":false},"shop point/bed_1":{"x":2980,"y":776,"width":16,"height":16,"pixelRatio":2,"sdf":false},"shop point/beauty_1":{"x":2980,"y":776,"width":16,"height":16,"pixelRatio":2,"sdf":false},"shop point/bakery_1":{"x":2980,"y":776,"width":16,"height":16,"pixelRatio":2,"sdf":false},"shop point/bag_1":{"x":2980,"y":776,"width":16,"height":16,"pixelRatio":2,"sdf":false},"shop point/art_1":{"x":2980,"y":776,"width":16,"height":16,"pixelRatio":2,"sdf":false},"shop point/alcohol_1":{"x":2980,"y":776,"width":16,"height":16,"pixelRatio":2,"sdf":false},"shop point/stationery_1":{"x":2980,"y":776,"width":16,"height":16,"pixelRatio":2,"sdf":false},"shop point/other_1":{"x":2980,"y":776,"width":16,"height":16,"pixelRatio":2,"sdf":false},"shop point/optician_1":{"x":2980,"y":776,"width":16,"height":16,"pixelRatio":2,"sdf":false},"shop point/clothes_1":{"x":2980,"y":776,"width":16,"height":16,"pixelRatio":2,"sdf":false},"shop point/sports_1":{"x":2980,"y":776,"width":16,"height":16,"pixelRatio":2,"sdf":false},"shop point/musical instrument_1":{"x":2980,"y":776,"width":16,"height":16,"pixelRatio":2,"sdf":false},"shop point/music_1":{"x":2980,"y":776,"width":16,"height":16,"pixelRatio":2,"sdf":false},"shop point/motorcycle_1":{"x":2980,"y":776,"width":16,"height":16,"pixelRatio":2,"sdf":false},"shop point/shoes_1":{"x":2980,"y":776,"width":16,"height":16,"pixelRatio":2,"sdf":false},"shop point/seafood_1":{"x":2980,"y":776,"width":16,"height":16,"pixelRatio":2,"sdf":false},"shop point/photography_1":{"x":2980,"y":776,"width":16,"height":16,"pixelRatio":2,"sdf":false},"shop point/variety store_1":{"x":2980,"y":776,"width":16,"height":16,"pixelRatio":2,"sdf":false},"shop point/mobile phone_1":{"x":2980,"y":776,"width":16,"height":16,"pixelRatio":2,"sdf":false},"shop point/trade_1":{"x":2980,"y":776,"width":16,"height":16,"pixelRatio":2,"sdf":false},"shop point/bookmaker_1":{"x":2980,"y":776,"width":16,"height":16,"pixelRatio":2,"sdf":false},"shop point/paint_1":{"x":2980,"y":776,"width":16,"height":16,"pixelRatio":2,"sdf":false},"shop point/interior decoration_1":{"x":2980,"y":776,"width":16,"height":16,"pixelRatio":2,"sdf":false},"shop point/houseware_1":{"x":2980,"y":776,"width":16,"height":16,"pixelRatio":2,"sdf":false},"shop point/second hand_1":{"x":2980,"y":776,"width":16,"height":16,"pixelRatio":2,"sdf":false},"shop point/charity_1":{"x":2980,"y":776,"width":16,"height":16,"pixelRatio":2,"sdf":false},"shop point/ticket_1":{"x":2980,"y":776,"width":16,"height":16,"pixelRatio":2,"sdf":false},"shop point/video_1":{"x":2980,"y":776,"width":16,"height":16,"pixelRatio":2,"sdf":false},"shop point/video games_1":{"x":2980,"y":776,"width":16,"height":16,"pixelRatio":2,"sdf":false},"shop point/tyres_1":{"x":2980,"y":776,"width":16,"height":16,"pixelRatio":2,"sdf":false},"shop point/travel agency_1":{"x":2980,"y":776,"width":16,"height":16,"pixelRatio":2,"sdf":false},"shop point/toys_1":{"x":2980,"y":776,"width":16,"height":16,"pixelRatio":2,"sdf":false},"shop point/tobacco_1":{"x":2980,"y":776,"width":16,"height":16,"pixelRatio":2,"sdf":false},"shop point/pet_1":{"x":2980,"y":776,"width":16,"height":16,"pixelRatio":2,"sdf":false},"amenity point/health care_1":{"x":2996,"y":776,"width":16,"height":16,"pixelRatio":2,"sdf":false},"amenity point/doctor_1":{"x":2996,"y":776,"width":16,"height":16,"pixelRatio":2,"sdf":false},"amenity point/dentist_1":{"x":2996,"y":776,"width":16,"height":16,"pixelRatio":2,"sdf":false},"amenity area/cafe_1":{"x":3012,"y":776,"width":16,"height":16,"pixelRatio":2,"sdf":false},"amenity area/bar_1":{"x":3012,"y":776,"width":16,"height":16,"pixelRatio":2,"sdf":false},"amenity area/ice cream_1":{"x":3012,"y":776,"width":16,"height":16,"pixelRatio":2,"sdf":false},"amenity area/biergarten_1":{"x":3012,"y":776,"width":16,"height":16,"pixelRatio":2,"sdf":false},"amenity area/fast food_1":{"x":3012,"y":776,"width":16,"height":16,"pixelRatio":2,"sdf":false},"amenity area/restaurant_1":{"x":3012,"y":776,"width":16,"height":16,"pixelRatio":2,"sdf":false},"amenity area/pub_1":{"x":3012,"y":776,"width":16,"height":16,"pixelRatio":2,"sdf":false},"shop area/second hand_1":{"x":3028,"y":776,"width":16,"height":16,"pixelRatio":2,"sdf":false},"shop area/electronics_1":{"x":3028,"y":776,"width":16,"height":16,"pixelRatio":2,"sdf":false},"shop area/tyres_1":{"x":3028,"y":776,"width":16,"height":16,"pixelRatio":2,"sdf":false},"shop area/deli_1":{"x":3028,"y":776,"width":16,"height":16,"pixelRatio":2,"sdf":false},"shop area/video games_1":{"x":3028,"y":776,"width":16,"height":16,"pixelRatio":2,"sdf":false},"shop area/ticket_1":{"x":3028,"y":776,"width":16,"height":16,"pixelRatio":2,"sdf":false},"shop area/variety store_1":{"x":3028,"y":776,"width":16,"height":16,"pixelRatio":2,"sdf":false},"shop area/charity_1":{"x":3028,"y":776,"width":16,"height":16,"pixelRatio":2,"sdf":false},"shop area/seafood_1":{"x":3028,"y":776,"width":16,"height":16,"pixelRatio":2,"sdf":false},"shop area/shoes_1":{"x":3028,"y":776,"width":16,"height":16,"pixelRatio":2,"sdf":false},"shop area/dairy_1":{"x":3028,"y":776,"width":16,"height":16,"pixelRatio":2,"sdf":false},"shop area/trade_1":{"x":3028,"y":776,"width":16,"height":16,"pixelRatio":2,"sdf":false},"shop area/sports_1":{"x":3028,"y":776,"width":16,"height":16,"pixelRatio":2,"sdf":false},"shop area/bookmaker_1":{"x":3028,"y":776,"width":16,"height":16,"pixelRatio":2,"sdf":false},"shop area/copyshop_1":{"x":3028,"y":776,"width":16,"height":16,"pixelRatio":2,"sdf":false},"shop area/convenience_1":{"x":3028,"y":776,"width":16,"height":16,"pixelRatio":2,"sdf":false},"shop area/computer_1":{"x":3028,"y":776,"width":16,"height":16,"pixelRatio":2,"sdf":false},"shop area/coffee_1":{"x":3028,"y":776,"width":16,"height":16,"pixelRatio":2,"sdf":false},"shop area/confectionery_1":{"x":3028,"y":776,"width":16,"height":16,"pixelRatio":2,"sdf":false},"shop area/chemist_1":{"x":3028,"y":776,"width":16,"height":16,"pixelRatio":2,"sdf":false},"shop area/car parts_1":{"x":3028,"y":776,"width":16,"height":16,"pixelRatio":2,"sdf":false},"shop area/car_1":{"x":3028,"y":776,"width":16,"height":16,"pixelRatio":2,"sdf":false},"shop area/butcher_1":{"x":3028,"y":776,"width":16,"height":16,"pixelRatio":2,"sdf":false},"shop area/books_1":{"x":3028,"y":776,"width":16,"height":16,"pixelRatio":2,"sdf":false},"shop area/stationery_1":{"x":3028,"y":776,"width":16,"height":16,"pixelRatio":2,"sdf":false},"shop area/tea_1":{"x":3028,"y":776,"width":16,"height":16,"pixelRatio":2,"sdf":false},"shop area/paint_1":{"x":3028,"y":776,"width":16,"height":16,"pixelRatio":2,"sdf":false},"shop area/tobacco_1":{"x":3028,"y":776,"width":16,"height":16,"pixelRatio":2,"sdf":false},"shop area/interior decoration_1":{"x":3028,"y":776,"width":16,"height":16,"pixelRatio":2,"sdf":false},"shop area/bicycle_1":{"x":3028,"y":776,"width":16,"height":16,"pixelRatio":2,"sdf":false},"shop area/beverages_1":{"x":3028,"y":776,"width":16,"height":16,"pixelRatio":2,"sdf":false},"shop area/cosmetics_1":{"x":3028,"y":776,"width":16,"height":16,"pixelRatio":2,"sdf":false},"shop area/bed_1":{"x":3028,"y":776,"width":16,"height":16,"pixelRatio":2,"sdf":false},"shop area/other_1":{"x":3028,"y":776,"width":16,"height":16,"pixelRatio":2,"sdf":false},"shop area/beauty_1":{"x":3028,"y":776,"width":16,"height":16,"pixelRatio":2,"sdf":false},"shop area/bakery_1":{"x":3028,"y":776,"width":16,"height":16,"pixelRatio":2,"sdf":false},"shop area/toys_1":{"x":3028,"y":776,"width":16,"height":16,"pixelRatio":2,"sdf":false},"shop area/optician_1":{"x":3028,"y":776,"width":16,"height":16,"pixelRatio":2,"sdf":false},"shop area/video_1":{"x":3028,"y":776,"width":16,"height":16,"pixelRatio":2,"sdf":false},"shop area/kiosk_1":{"x":3028,"y":776,"width":16,"height":16,"pixelRatio":2,"sdf":false},"shop area/bag_1":{"x":3028,"y":776,"width":16,"height":16,"pixelRatio":2,"sdf":false},"shop area/musical instrument_1":{"x":3028,"y":776,"width":16,"height":16,"pixelRatio":2,"sdf":false},"shop area/music_1":{"x":3028,"y":776,"width":16,"height":16,"pixelRatio":2,"sdf":false},"shop area/motorcycle_1":{"x":3028,"y":776,"width":16,"height":16,"pixelRatio":2,"sdf":false},"shop area/art_1":{"x":3028,"y":776,"width":16,"height":16,"pixelRatio":2,"sdf":false},"shop area/mobile phone_1":{"x":3028,"y":776,"width":16,"height":16,"pixelRatio":2,"sdf":false},"shop area/medical supply_1":{"x":3028,"y":776,"width":16,"height":16,"pixelRatio":2,"sdf":false},"shop area/outdoor_1":{"x":3028,"y":776,"width":16,"height":16,"pixelRatio":2,"sdf":false},"shop area/laundry_1":{"x":3028,"y":776,"width":16,"height":16,"pixelRatio":2,"sdf":false},"shop area/pet_1":{"x":3028,"y":776,"width":16,"height":16,"pixelRatio":2,"sdf":false},"shop area/alcohol_1":{"x":3028,"y":776,"width":16,"height":16,"pixelRatio":2,"sdf":false},"shop area/jewelry_1":{"x":3028,"y":776,"width":16,"height":16,"pixelRatio":2,"sdf":false},"shop area/houseware_1":{"x":3028,"y":776,"width":16,"height":16,"pixelRatio":2,"sdf":false},"shop area/photography_1":{"x":3028,"y":776,"width":16,"height":16,"pixelRatio":2,"sdf":false},"shop area/hifi_1":{"x":3028,"y":776,"width":16,"height":16,"pixelRatio":2,"sdf":false},"shop area/hardware_1":{"x":3028,"y":776,"width":16,"height":16,"pixelRatio":2,"sdf":false},"shop area/hairdresser_1":{"x":3028,"y":776,"width":16,"height":16,"pixelRatio":2,"sdf":false},"shop area/farm_1":{"x":3028,"y":776,"width":16,"height":16,"pixelRatio":2,"sdf":false},"shop area/gift_1":{"x":3028,"y":776,"width":16,"height":16,"pixelRatio":2,"sdf":false},"shop area/travel agency_1":{"x":3028,"y":776,"width":16,"height":16,"pixelRatio":2,"sdf":false},"shop area/garden centre_1":{"x":3028,"y":776,"width":16,"height":16,"pixelRatio":2,"sdf":false},"shop area/furniture_1":{"x":3028,"y":776,"width":16,"height":16,"pixelRatio":2,"sdf":false},"shop area/florist_1":{"x":3028,"y":776,"width":16,"height":16,"pixelRatio":2,"sdf":false},"shop area/clothes_1":{"x":3028,"y":776,"width":16,"height":16,"pixelRatio":2,"sdf":false},"amenity area/health care_1":{"x":3044,"y":776,"width":16,"height":16,"pixelRatio":2,"sdf":false},"amenity area/doctor_1":{"x":3044,"y":776,"width":16,"height":16,"pixelRatio":2,"sdf":false},"amenity area/dentist_1":{"x":3044,"y":776,"width":16,"height":16,"pixelRatio":2,"sdf":false},"shop area/other":{"x":3060,"y":776,"width":16,"height":16,"pixelRatio":2,"sdf":false},"landcover/allotments":{"x":3076,"y":776,"width":16,"height":16,"pixelRatio":2,"sdf":false},"landcover/orchard":{"x":3092,"y":776,"width":16,"height":16,"pixelRatio":2,"sdf":false},"railway (tunnel)/disused":{"x":3108,"y":776,"width":12,"height":12,"pixelRatio":2,"sdf":false},"amenity point (low priority)/cycle barrier":{"x":3120,"y":776,"width":24,"height":12,"pixelRatio":2,"sdf":false},"aerialway/cable car, gondola, mixed lift/0":{"x":3144,"y":776,"width":12,"height":12,"pixelRatio":2,"sdf":false},"power pole":{"x":3156,"y":776,"width":12,"height":12,"pixelRatio":2,"sdf":false},"amenity point (low priority)/block, bollard, log":{"x":3168,"y":776,"width":16,"height":12,"pixelRatio":2,"sdf":false},"amenity area (low priority)/block, bollard, log":{"x":3168,"y":776,"width":16,"height":12,"pixelRatio":2,"sdf":false}}