{"landcover/bare rock":{"x":0,"y":0,"width":256,"height":256,"pixelRatio":1,"sdf":false},"wetland/salt marsh land":{"x":256,"y":0,"width":256,"height":256,"pixelRatio":1,"sdf":false},"beach/coarse sand":{"x":512,"y":0,"width":256,"height":256,"pixelRatio":1,"sdf":false},"wetland/reef":{"x":768,"y":0,"width":256,"height":256,"pixelRatio":1,"sdf":false},"landcover/scree, shingle":{"x":1024,"y":0,"width":256,"height":256,"pixelRatio":1,"sdf":false},"beach/sand":{"x":1280,"y":0,"width":128,"height":128,"pixelRatio":1,"sdf":false},"landcover/sand":{"x":1280,"y":0,"width":128,"height":128,"pixelRatio":1,"sdf":false},"wetland/reed bed":{"x":1408,"y":0,"width":64,"height":64,"pixelRatio":1,"sdf":false},"wetland/swamp":{"x":1472,"y":0,"width":64,"height":64,"pixelRatio":1,"sdf":false},"wetland/mangrove":{"x":1536,"y":0,"width":64,"height":64,"pixelRatio":1,"sdf":false},"leaf type/unknown":{"x":1600,"y":0,"width":64,"height":64,"pixelRatio":1,"sdf":false},"leaf type/needleleaved":{"x":1664,"y":0,"width":64,"height":64,"pixelRatio":1,"sdf":false},"leaf type/mixed":{"x":0,"y":256,"width":64,"height":64,"pixelRatio":1,"sdf":false},"leaf type/broadleaved":{"x":64,"y":256,"width":64,"height":64,"pixelRatio":1,"sdf":false},"leaf type/leafless":{"x":128,"y":256,"width":64,"height":64,"pixelRatio":1,"sdf":false},"landcover/quarry":{"x":192,"y":256,"width":64,"height":64,"pixelRatio":1,"sdf":false},"wetland/salt marsh":{"x":256,"y":256,"width":64,"height":64,"pixelRatio":1,"sdf":false},"wetland/wet meadow":{"x":256,"y":256,"width":64,"height":64,"pixelRatio":1,"sdf":false},"wetland/fen":{"x":320,"y":256,"width":64,"height":64,"pixelRatio":1,"sdf":false},"wetland/bog":{"x":320,"y":256,"width":64,"height":64,"pixelRatio":1,"sdf":false},"wetland/tidal flat":{"x":384,"y":256,"width":64,"height":64,"pixelRatio":1,"sdf":false},"wetland/other":{"x":384,"y":256,"width":64,"height":64,"pixelRatio":1,"sdf":false},"landcover/scrub":{"x":448,"y":256,"width":64,"height":64,"pixelRatio":1,"sdf":false},"mountain range/arete":{"x":512,"y":256,"width":43,"height":43,"pixelRatio":1,"sdf":false},"mountain range/ridge":{"x":555,"y":256,"width":43,"height":43,"pixelRatio":1,"sdf":false},"mountain range/ridge_1":{"x":598,"y":256,"width":43,"height":43,"pixelRatio":1,"sdf":false},"mountain range/arete_1":{"x":641,"y":256,"width":43,"height":43,"pixelRatio":1,"sdf":false},"cemetery/muslim":{"x":684,"y":256,"width":32,"height":32,"pixelRatio":1,"sdf":false},"cemetery/jewish":{"x":716,"y":256,"width":32,"height":32,"pixelRatio":1,"sdf":false},"cemetery/other":{"x":748,"y":256,"width":32,"height":32,"pixelRatio":1,"sdf":false},"landcover/salt pond":{"x":780,"y":256,"width":32,"height":32,"pixelRatio":1,"sdf":false},"cemetery/christian":{"x":812,"y":256,"width":32,"height":32,"pixelRatio":1,"sdf":false},"landcover/vineyard":{"x":844,"y":256,"width":32,"height":32,"pixelRatio":1,"sdf":false},"waterway/riverbank (intermittent)":{"x":876,"y":256,"width":32,"height":32,"pixelRatio":1,"sdf":false},"water area/basin (intermittent)":{"x":876,"y":256,"width":32,"height":32,"pixelRatio":1,"sdf":false},"water area/reservoir (intermittent)":{"x":876,"y":256,"width":32,"height":32,"pixelRatio":1,"sdf":false},"water area/water (intermittent)":{"x":876,"y":256,"width":32,"height":32,"pixelRatio":1,"sdf":false},"landcover/dog park":{"x":908,"y":256,"width":32,"height":32,"pixelRatio":1,"sdf":false},"private access point/shower":{"x":940,"y":256,"width":22,"height":22,"pixelRatio":1,"sdf":false},"amenity point/shower":{"x":962,"y":256,"width":22,"height":22,"pixelRatio":1,"sdf":false},"private access area/shower":{"x":984,"y":256,"width":22,"height":22,"pixelRatio":1,"sdf":false},"amenity area/shower":{"x":1006,"y":256,"width":22,"height":22,"pixelRatio":1,"sdf":false},"amenity point/miniature golf":{"x":1028,"y":256,"width":20,"height":20,"pixelRatio":1,"sdf":false},"amenity point/golf course":{"x":1048,"y":256,"width":18,"height":20,"pixelRatio":1,"sdf":false},"amenity area/miniature golf":{"x":1066,"y":256,"width":20,"height":20,"pixelRatio":1,"sdf":false},"amenity area/golf course":{"x":1086,"y":256,"width":18,"height":20,"pixelRatio":1,"sdf":false},"amenity point/traffic signal":{"x":1104,"y":256,"width":8,"height":18,"pixelRatio":1,"sdf":false},"place of worship point/Christian - other":{"x":1112,"y":256,"width":14,"height":18,"pixelRatio":1,"sdf":false},"place of worship point/Shinto":{"x":1126,"y":256,"width":18,"height":18,"pixelRatio":1,"sdf":false},"amenity point/helipad":{"x":1144,"y":256,"width":18,"height":18,"pixelRatio":1,"sdf":false},"private access point/fitness":{"x":1162,"y":256,"width":16,"height":18,"pixelRatio":1,"sdf":false},"amenity point/fitness":{"x":1178,"y":256,"width":16,"height":18,"pixelRatio":1,"sdf":false},"road/trunk shield/1":{"x":1194,"y":256,"width":14,"height":18,"pixelRatio":1,"sdf":false},"road (bridge)/trunk shield/1":{"x":1194,"y":256,"width":14,"height":18,"pixelRatio":1,"sdf":false},"road (tunnel)/trunk shield/1":{"x":1194,"y":256,"width":14,"height":18,"pixelRatio":1,"sdf":false},"road (bridge)/motorway shield/1":{"x":1208,"y":256,"width":14,"height":18,"pixelRatio":1,"sdf":false},"road/motorway shield/1":{"x":1208,"y":256,"width":14,"height":18,"pixelRatio":1,"sdf":false},"road (tunnel)/motorway shield/1":{"x":1208,"y":256,"width":14,"height":18,"pixelRatio":1,"sdf":false},"road (bridge)/primary shield/1":{"x":1222,"y":256,"width":14,"height":18,"pixelRatio":1,"sdf":false},"road/primary shield/1":{"x":1222,"y":256,"width":14,"height":18,"pixelRatio":1,"sdf":false},"road (tunnel)/primary shield/1":{"x":1222,"y":256,"width":14,"height":18,"pixelRatio":1,"sdf":false},"road (bridge)/tertiary shield/1":{"x":1236,"y":256,"width":14,"height":18,"pixelRatio":1,"sdf":false},"road/tertiary shield/1":{"x":1236,"y":256,"width":14,"height":18,"pixelRatio":1,"sdf":false},"road (tunnel)/tertiary shield/1":{"x":1236,"y":256,"width":14,"height":18,"pixelRatio":1,"sdf":false},"road (bridge)/secondary shield/1":{"x":1250,"y":256,"width":14,"height":18,"pixelRatio":1,"sdf":false},"road/secondary shield/1":{"x":1250,"y":256,"width":14,"height":18,"pixelRatio":1,"sdf":false},"road (tunnel)/secondary shield/1":{"x":1250,"y":256,"width":14,"height":18,"pixelRatio":1,"sdf":false},"road (tunnel)/trunk shield/7":{"x":1264,"y":256,"width":36,"height":18,"pixelRatio":1,"sdf":false},"road (bridge)/trunk shield/7":{"x":1264,"y":256,"width":36,"height":18,"pixelRatio":1,"sdf":false},"road/trunk shield/7":{"x":1264,"y":256,"width":36,"height":18,"pixelRatio":1,"sdf":false},"road/motorway shield/7":{"x":1300,"y":256,"width":36,"height":18,"pixelRatio":1,"sdf":false},"road (bridge)/motorway shield/7":{"x":1300,"y":256,"width":36,"height":18,"pixelRatio":1,"sdf":false},"road (tunnel)/motorway shield/7":{"x":1300,"y":256,"width":36,"height":18,"pixelRatio":1,"sdf":false},"road (tunnel)/primary shield/7":{"x":1336,"y":256,"width":36,"height":18,"pixelRatio":1,"sdf":false},"road/primary shield/7":{"x":1336,"y":256,"width":36,"height":18,"pixelRatio":1,"sdf":false},"road (bridge)/primary shield/7":{"x":1336,"y":256,"width":36,"height":18,"pixelRatio":1,"sdf":false},"road (bridge)/tertiary shield/7":{"x":1372,"y":256,"width":36,"height":18,"pixelRatio":1,"sdf":false},"road (tunnel)/tertiary shield/7":{"x":1372,"y":256,"width":36,"height":18,"pixelRatio":1,"sdf":false},"road/tertiary shield/7":{"x":1372,"y":256,"width":36,"height":18,"pixelRatio":1,"sdf":false},"road (tunnel)/secondary shield/7":{"x":1408,"y":256,"width":36,"height":18,"pixelRatio":1,"sdf":false},"road (bridge)/secondary shield/7":{"x":1408,"y":256,"width":36,"height":18,"pixelRatio":1,"sdf":false},"road/secondary shield/7":{"x":1408,"y":256,"width":36,"height":18,"pixelRatio":1,"sdf":false},"road/trunk shield/6":{"x":1444,"y":256,"width":32,"height":18,"pixelRatio":1,"sdf":false},"road (tunnel)/trunk shield/6":{"x":1444,"y":256,"width":32,"height":18,"pixelRatio":1,"sdf":false},"road (bridge)/trunk shield/6":{"x":1444,"y":256,"width":32,"height":18,"pixelRatio":1,"sdf":false},"road (bridge)/motorway shield/6":{"x":1476,"y":256,"width":32,"height":18,"pixelRatio":1,"sdf":false},"road/motorway shield/6":{"x":1476,"y":256,"width":32,"height":18,"pixelRatio":1,"sdf":false},"road (tunnel)/motorway shield/6":{"x":1476,"y":256,"width":32,"height":18,"pixelRatio":1,"sdf":false},"road (tunnel)/primary shield/6":{"x":1508,"y":256,"width":32,"height":18,"pixelRatio":1,"sdf":false},"road (bridge)/primary shield/6":{"x":1508,"y":256,"width":32,"height":18,"pixelRatio":1,"sdf":false},"road/primary shield/6":{"x":1508,"y":256,"width":32,"height":18,"pixelRatio":1,"sdf":false},"road (tunnel)/tertiary shield/6":{"x":1540,"y":256,"width":32,"height":18,"pixelRatio":1,"sdf":false},"road/tertiary shield/6":{"x":1540,"y":256,"width":32,"height":18,"pixelRatio":1,"sdf":false},"road (bridge)/tertiary shield/6":{"x":1540,"y":256,"width":32,"height":18,"pixelRatio":1,"sdf":false},"road/secondary shield/6":{"x":1572,"y":256,"width":32,"height":18,"pixelRatio":1,"sdf":false},"road (tunnel)/secondary shield/6":{"x":1572,"y":256,"width":32,"height":18,"pixelRatio":1,"sdf":false},"road (bridge)/secondary shield/6":{"x":1572,"y":256,"width":32,"height":18,"pixelRatio":1,"sdf":false},"road (bridge)/trunk shield/5":{"x":1604,"y":256,"width":28,"height":18,"pixelRatio":1,"sdf":false},"road/trunk shield/5":{"x":1604,"y":256,"width":28,"height":18,"pixelRatio":1,"sdf":false},"road (tunnel)/trunk shield/5":{"x":1604,"y":256,"width":28,"height":18,"pixelRatio":1,"sdf":false},"road (tunnel)/motorway shield/5":{"x":1632,"y":256,"width":28,"height":18,"pixelRatio":1,"sdf":false},"road (bridge)/motorway shield/5":{"x":1632,"y":256,"width":28,"height":18,"pixelRatio":1,"sdf":false},"road/motorway shield/5":{"x":1632,"y":256,"width":28,"height":18,"pixelRatio":1,"sdf":false},"road (tunnel)/primary shield/5":{"x":1660,"y":256,"width":28,"height":18,"pixelRatio":1,"sdf":false},"road/primary shield/5":{"x":1660,"y":256,"width":28,"height":18,"pixelRatio":1,"sdf":false},"road (bridge)/primary shield/5":{"x":1660,"y":256,"width":28,"height":18,"pixelRatio":1,"sdf":false},"road/tertiary shield/5":{"x":1688,"y":256,"width":28,"height":18,"pixelRatio":1,"sdf":false},"road (tunnel)/tertiary shield/5":{"x":1688,"y":256,"width":28,"height":18,"pixelRatio":1,"sdf":false},"road (bridge)/tertiary shield/5":{"x":1688,"y":256,"width":28,"height":18,"pixelRatio":1,"sdf":false},"road/secondary shield/5":{"x":0,"y":320,"width":28,"height":18,"pixelRatio":1,"sdf":false},"road (tunnel)/secondary shield/5":{"x":0,"y":320,"width":28,"height":18,"pixelRatio":1,"sdf":false},"road (bridge)/secondary shield/5":{"x":0,"y":320,"width":28,"height":18,"pixelRatio":1,"sdf":false},"road/trunk shield/4":{"x":28,"y":320,"width":26,"height":18,"pixelRatio":1,"sdf":false},"road (bridge)/trunk shield/4":{"x":28,"y":320,"width":26,"height":18,"pixelRatio":1,"sdf":false},"road (tunnel)/trunk shield/4":{"x":28,"y":320,"width":26,"height":18,"pixelRatio":1,"sdf":false},"road (tunnel)/motorway shield/4":{"x":54,"y":320,"width":26,"height":18,"pixelRatio":1,"sdf":false},"road/motorway shield/4":{"x":54,"y":320,"width":26,"height":18,"pixelRatio":1,"sdf":false},"road (bridge)/motorway shield/4":{"x":54,"y":320,"width":26,"height":18,"pixelRatio":1,"sdf":false},"road (tunnel)/primary shield/4":{"x":80,"y":320,"width":26,"height":18,"pixelRatio":1,"sdf":false},"road/primary shield/4":{"x":80,"y":320,"width":26,"height":18,"pixelRatio":1,"sdf":false},"road (bridge)/primary shield/4":{"x":80,"y":320,"width":26,"height":18,"pixelRatio":1,"sdf":false},"road/tertiary shield/4":{"x":106,"y":320,"width":26,"height":18,"pixelRatio":1,"sdf":false},"road (bridge)/tertiary shield/4":{"x":106,"y":320,"width":26,"height":18,"pixelRatio":1,"sdf":false},"road (tunnel)/tertiary shield/4":{"x":106,"y":320,"width":26,"height":18,"pixelRatio":1,"sdf":false},"road (tunnel)/secondary shield/4":{"x":132,"y":320,"width":26,"height":18,"pixelRatio":1,"sdf":false},"road (bridge)/secondary shield/4":{"x":132,"y":320,"width":26,"height":18,"pixelRatio":1,"sdf":false},"road/secondary shield/4":{"x":132,"y":320,"width":26,"height":18,"pixelRatio":1,"sdf":false},"road (tunnel)/trunk shield/3":{"x":158,"y":320,"width":22,"height":18,"pixelRatio":1,"sdf":false},"road/trunk shield/3":{"x":158,"y":320,"width":22,"height":18,"pixelRatio":1,"sdf":false},"road (bridge)/trunk shield/3":{"x":158,"y":320,"width":22,"height":18,"pixelRatio":1,"sdf":false},"road/motorway shield/3":{"x":180,"y":320,"width":22,"height":18,"pixelRatio":1,"sdf":false},"road (bridge)/motorway shield/3":{"x":180,"y":320,"width":22,"height":18,"pixelRatio":1,"sdf":false},"road (tunnel)/motorway shield/3":{"x":180,"y":320,"width":22,"height":18,"pixelRatio":1,"sdf":false},"road/primary shield/3":{"x":202,"y":320,"width":22,"height":18,"pixelRatio":1,"sdf":false},"road (bridge)/primary shield/3":{"x":202,"y":320,"width":22,"height":18,"pixelRatio":1,"sdf":false},"road (tunnel)/primary shield/3":{"x":202,"y":320,"width":22,"height":18,"pixelRatio":1,"sdf":false},"road/tertiary shield/3":{"x":224,"y":320,"width":22,"height":18,"pixelRatio":1,"sdf":false},"road (bridge)/tertiary shield/3":{"x":224,"y":320,"width":22,"height":18,"pixelRatio":1,"sdf":false},"road (tunnel)/tertiary shield/3":{"x":224,"y":320,"width":22,"height":18,"pixelRatio":1,"sdf":false},"road/secondary shield/3":{"x":246,"y":320,"width":22,"height":18,"pixelRatio":1,"sdf":false},"road (tunnel)/secondary shield/3":{"x":246,"y":320,"width":22,"height":18,"pixelRatio":1,"sdf":false},"road (bridge)/secondary shield/3":{"x":246,"y":320,"width":22,"height":18,"pixelRatio":1,"sdf":false},"road/trunk shield/2":{"x":268,"y":320,"width":18,"height":18,"pixelRatio":1,"sdf":false},"road (bridge)/trunk shield/2":{"x":268,"y":320,"width":18,"height":18,"pixelRatio":1,"sdf":false},"road (tunnel)/trunk shield/2":{"x":268,"y":320,"width":18,"height":18,"pixelRatio":1,"sdf":false},"road (tunnel)/motorway shield/2":{"x":286,"y":320,"width":18,"height":18,"pixelRatio":1,"sdf":false},"road/motorway shield/2":{"x":286,"y":320,"width":18,"height":18,"pixelRatio":1,"sdf":false},"road (bridge)/motorway shield/2":{"x":286,"y":320,"width":18,"height":18,"pixelRatio":1,"sdf":false},"road (tunnel)/primary shield/2":{"x":304,"y":320,"width":18,"height":18,"pixelRatio":1,"sdf":false},"road (bridge)/primary shield/2":{"x":304,"y":320,"width":18,"height":18,"pixelRatio":1,"sdf":false},"road/primary shield/2":{"x":304,"y":320,"width":18,"height":18,"pixelRatio":1,"sdf":false},"road (tunnel)/tertiary shield/2":{"x":322,"y":320,"width":18,"height":18,"pixelRatio":1,"sdf":false},"road (bridge)/tertiary shield/2":{"x":322,"y":320,"width":18,"height":18,"pixelRatio":1,"sdf":false},"road/tertiary shield/2":{"x":322,"y":320,"width":18,"height":18,"pixelRatio":1,"sdf":false},"road (tunnel)/secondary shield/2":{"x":340,"y":320,"width":18,"height":18,"pixelRatio":1,"sdf":false},"road (bridge)/secondary shield/2":{"x":340,"y":320,"width":18,"height":18,"pixelRatio":1,"sdf":false},"road/secondary shield/2":{"x":340,"y":320,"width":18,"height":18,"pixelRatio":1,"sdf":false},"amenity point/storage tank":{"x":358,"y":320,"width":12,"height":18,"pixelRatio":1,"sdf":false},"memorial point/memorial":{"x":370,"y":320,"width":16,"height":18,"pixelRatio":1,"sdf":false},"memorial point/stele":{"x":370,"y":320,"width":16,"height":18,"pixelRatio":1,"sdf":false},"amenity point/hospital":{"x":386,"y":320,"width":16,"height":18,"pixelRatio":1,"sdf":false},"amenity point/arts centre":{"x":402,"y":320,"width":18,"height":18,"pixelRatio":1,"sdf":false},"amenity point/bowling alley":{"x":420,"y":320,"width":16,"height":18,"pixelRatio":1,"sdf":false},"shop point/confectionery":{"x":436,"y":320,"width":16,"height":18,"pixelRatio":1,"sdf":false},"shop point/stationery":{"x":452,"y":320,"width":10,"height":18,"pixelRatio":1,"sdf":false},"shop point/jewelry":{"x":462,"y":320,"width":12,"height":18,"pixelRatio":1,"sdf":false},"shop point/pet":{"x":474,"y":320,"width":18,"height":18,"pixelRatio":1,"sdf":false},"amenity point/dog park":{"x":492,"y":320,"width":18,"height":18,"pixelRatio":1,"sdf":false},"shop point/chemist":{"x":510,"y":320,"width":16,"height":18,"pixelRatio":1,"sdf":false},"shop point/car repair":{"x":526,"y":320,"width":14,"height":18,"pixelRatio":1,"sdf":false},"amenity point/bicycle repair station":{"x":540,"y":320,"width":14,"height":18,"pixelRatio":1,"sdf":false},"shop point/copyshop":{"x":554,"y":320,"width":14,"height":18,"pixelRatio":1,"sdf":false},"amenity point/townhall":{"x":568,"y":320,"width":14,"height":18,"pixelRatio":1,"sdf":false},"shop point/tyres":{"x":582,"y":320,"width":14,"height":18,"pixelRatio":1,"sdf":false},"amenity point/apartment":{"x":596,"y":320,"width":18,"height":18,"pixelRatio":1,"sdf":false},"shop point/beauty":{"x":614,"y":320,"width":16,"height":18,"pixelRatio":1,"sdf":false},"shop point/art":{"x":630,"y":320,"width":16,"height":18,"pixelRatio":1,"sdf":false},"shop point/cosmetics":{"x":646,"y":320,"width":16,"height":18,"pixelRatio":1,"sdf":false},"amenity point/toll booth":{"x":662,"y":320,"width":16,"height":18,"pixelRatio":1,"sdf":false},"private access point/firepit":{"x":678,"y":320,"width":16,"height":18,"pixelRatio":1,"sdf":false},"amenity point/firepit":{"x":694,"y":320,"width":16,"height":18,"pixelRatio":1,"sdf":false},"amenity point/sauna":{"x":710,"y":320,"width":18,"height":18,"pixelRatio":1,"sdf":false},"shop point/video games":{"x":728,"y":320,"width":18,"height":18,"pixelRatio":1,"sdf":false},"shop point/medical supply":{"x":746,"y":320,"width":16,"height":18,"pixelRatio":1,"sdf":false},"shop point/photography":{"x":762,"y":320,"width":18,"height":18,"pixelRatio":1,"sdf":false},"amenity point/internet cafe":{"x":780,"y":320,"width":18,"height":18,"pixelRatio":1,"sdf":false},"shop point/coffee":{"x":798,"y":320,"width":18,"height":18,"pixelRatio":1,"sdf":false},"shop point/dairy":{"x":816,"y":320,"width":18,"height":18,"pixelRatio":1,"sdf":false},"tree":{"x":834,"y":320,"width":18,"height":18,"pixelRatio":1,"sdf":false},"amenity area/bowling alley":{"x":852,"y":320,"width":16,"height":18,"pixelRatio":1,"sdf":false},"amenity area/traffic signal":{"x":868,"y":320,"width":8,"height":18,"pixelRatio":1,"sdf":false},"place of worship area/Christian - other":{"x":876,"y":320,"width":14,"height":18,"pixelRatio":1,"sdf":false},"place of worship area/Shinto":{"x":890,"y":320,"width":18,"height":18,"pixelRatio":1,"sdf":false},"amenity area/helipad":{"x":908,"y":320,"width":18,"height":18,"pixelRatio":1,"sdf":false},"private access area/fitness":{"x":926,"y":320,"width":16,"height":18,"pixelRatio":1,"sdf":false},"amenity area/fitness":{"x":942,"y":320,"width":16,"height":18,"pixelRatio":1,"sdf":false},"amenity area/storage tank":{"x":958,"y":320,"width":12,"height":18,"pixelRatio":1,"sdf":false},"memorial area/memorial":{"x":970,"y":320,"width":16,"height":18,"pixelRatio":1,"sdf":false},"memorial area/stele":{"x":970,"y":320,"width":16,"height":18,"pixelRatio":1,"sdf":false},"amenity area/hospital":{"x":986,"y":320,"width":16,"height":18,"pixelRatio":1,"sdf":false},"amenity area/arts centre":{"x":1002,"y":320,"width":18,"height":18,"pixelRatio":1,"sdf":false},"shop area/confectionery":{"x":1020,"y":320,"width":16,"height":18,"pixelRatio":1,"sdf":false},"shop area/stationery":{"x":1036,"y":320,"width":10,"height":18,"pixelRatio":1,"sdf":false},"shop area/jewelry":{"x":1046,"y":320,"width":12,"height":18,"pixelRatio":1,"sdf":false},"shop area/pet":{"x":1058,"y":320,"width":18,"height":18,"pixelRatio":1,"sdf":false},"shop area/chemist":{"x":1076,"y":320,"width":16,"height":18,"pixelRatio":1,"sdf":false},"shop area/car repair":{"x":1092,"y":320,"width":14,"height":18,"pixelRatio":1,"sdf":false},"amenity area/bicycle repair station":{"x":1106,"y":320,"width":14,"height":18,"pixelRatio":1,"sdf":false},"shop area/copyshop":{"x":1120,"y":320,"width":14,"height":18,"pixelRatio":1,"sdf":false},"amenity area/townhall":{"x":1134,"y":320,"width":14,"height":18,"pixelRatio":1,"sdf":false},"shop area/tyres":{"x":1148,"y":320,"width":14,"height":18,"pixelRatio":1,"sdf":false},"amenity area/apartment":{"x":1162,"y":320,"width":18,"height":18,"pixelRatio":1,"sdf":false},"shop area/beauty":{"x":1180,"y":320,"width":16,"height":18,"pixelRatio":1,"sdf":false},"information point/office":{"x":1196,"y":320,"width":16,"height":18,"pixelRatio":1,"sdf":false},"information area/office":{"x":1212,"y":320,"width":16,"height":18,"pixelRatio":1,"sdf":false},"shop area/art":{"x":1228,"y":320,"width":16,"height":18,"pixelRatio":1,"sdf":false},"shop area/cosmetics":{"x":1244,"y":320,"width":16,"height":18,"pixelRatio":1,"sdf":false},"private access area/firepit":{"x":1260,"y":320,"width":16,"height":18,"pixelRatio":1,"sdf":false},"amenity area/firepit":{"x":1276,"y":320,"width":16,"height":18,"pixelRatio":1,"sdf":false},"amenity area/sauna":{"x":1292,"y":320,"width":18,"height":18,"pixelRatio":1,"sdf":false},"tower area/dish":{"x":1310,"y":320,"width":16,"height":18,"pixelRatio":1,"sdf":false},"tower point/dish":{"x":1310,"y":320,"width":16,"height":18,"pixelRatio":1,"sdf":false},"shop area/video games":{"x":1326,"y":320,"width":18,"height":18,"pixelRatio":1,"sdf":false},"shop area/medical supply":{"x":1344,"y":320,"width":16,"height":18,"pixelRatio":1,"sdf":false},"shop area/photography":{"x":1360,"y":320,"width":18,"height":18,"pixelRatio":1,"sdf":false},"amenity area/internet cafe":{"x":1378,"y":320,"width":18,"height":18,"pixelRatio":1,"sdf":false},"shop area/coffee":{"x":1396,"y":320,"width":18,"height":18,"pixelRatio":1,"sdf":false},"shop area/dairy":{"x":1414,"y":320,"width":18,"height":18,"pixelRatio":1,"sdf":false},"information point/other":{"x":1432,"y":320,"width":6,"height":16,"pixelRatio":1,"sdf":false},"memorial point/statue":{"x":1438,"y":320,"width":8,"height":16,"pixelRatio":1,"sdf":false},"amenity point/advertising column":{"x":1446,"y":320,"width":8,"height":16,"pixelRatio":1,"sdf":false},"memorial point/artwork":{"x":1454,"y":320,"width":10,"height":16,"pixelRatio":1,"sdf":false},"amenity point (low priority)/motorcycle barrier":{"x":1464,"y":320,"width":10,"height":16,"pixelRatio":1,"sdf":false},"memorial point/bust":{"x":1474,"y":320,"width":12,"height":16,"pixelRatio":1,"sdf":false},"amenity point/food court":{"x":1486,"y":320,"width":14,"height":16,"pixelRatio":1,"sdf":false},"amenity point/restaurant":{"x":1486,"y":320,"width":14,"height":16,"pixelRatio":1,"sdf":false},"private access point/drinking water":{"x":1500,"y":320,"width":14,"height":16,"pixelRatio":1,"sdf":false},"amenity point/drinking water":{"x":1514,"y":320,"width":14,"height":16,"pixelRatio":1,"sdf":false},"telescope point":{"x":1528,"y":320,"width":14,"height":16,"pixelRatio":1,"sdf":false},"amenity point/parking entrance underground":{"x":1542,"y":320,"width":16,"height":16,"pixelRatio":1,"sdf":false},"parking entrance multi-storey":{"x":1558,"y":320,"width":16,"height":16,"pixelRatio":1,"sdf":false},"amenity point/public bookcase":{"x":1574,"y":320,"width":16,"height":16,"pixelRatio":1,"sdf":false},"vending machine point/public transport tickets":{"x":1590,"y":320,"width":16,"height":16,"pixelRatio":1,"sdf":false},"optical telescope point":{"x":1606,"y":320,"width":16,"height":16,"pixelRatio":1,"sdf":false},"vending machine point/parking tickets":{"x":1622,"y":320,"width":16,"height":16,"pixelRatio":1,"sdf":false},"amenity point/fishing":{"x":1638,"y":320,"width":16,"height":16,"pixelRatio":1,"sdf":false},"shop point/fabric":{"x":1654,"y":320,"width":16,"height":16,"pixelRatio":1,"sdf":false},"shop point/carpet":{"x":1670,"y":320,"width":16,"height":16,"pixelRatio":1,"sdf":false},"vending machine point/excrement bags":{"x":1686,"y":320,"width":16,"height":16,"pixelRatio":1,"sdf":false},"wind turbine point":{"x":1702,"y":320,"width":16,"height":16,"pixelRatio":1,"sdf":false},"amenity point/nightclub":{"x":0,"y":338,"width":16,"height":16,"pixelRatio":1,"sdf":false},"amenity point/bbq":{"x":16,"y":338,"width":14,"height":16,"pixelRatio":1,"sdf":false},"private access point/bbq":{"x":30,"y":338,"width":14,"height":16,"pixelRatio":1,"sdf":false},"amenity point/wayside shrine":{"x":44,"y":338,"width":8,"height":16,"pixelRatio":1,"sdf":false},"tower point/bell tower":{"x":52,"y":338,"width":10,"height":16,"pixelRatio":1,"sdf":false},"shop point/mobile phone":{"x":62,"y":338,"width":10,"height":16,"pixelRatio":1,"sdf":false},"information point/terminal":{"x":72,"y":338,"width":10,"height":16,"pixelRatio":1,"sdf":false},"tower point/other":{"x":82,"y":338,"width":10,"height":16,"pixelRatio":1,"sdf":false},"amenity point/waste disposal":{"x":92,"y":338,"width":10,"height":16,"pixelRatio":1,"sdf":false},"amenity point/hunting stand":{"x":102,"y":338,"width":12,"height":16,"pixelRatio":1,"sdf":false},"shop point/supermarket":{"x":114,"y":338,"width":16,"height":16,"pixelRatio":1,"sdf":false},"mast point/other":{"x":130,"y":338,"width":10,"height":16,"pixelRatio":1,"sdf":false},"amenity point/hostel":{"x":140,"y":338,"width":16,"height":16,"pixelRatio":1,"sdf":false},"amenity point/water tower":{"x":156,"y":338,"width":12,"height":16,"pixelRatio":1,"sdf":false},"shop point/hifi":{"x":168,"y":338,"width":12,"height":16,"pixelRatio":1,"sdf":false},"amenity point/dentist":{"x":180,"y":338,"width":12,"height":16,"pixelRatio":1,"sdf":false},"amenity point/fire station":{"x":192,"y":338,"width":12,"height":16,"pixelRatio":1,"sdf":false},"amenity point/ice cream":{"x":204,"y":338,"width":12,"height":16,"pixelRatio":1,"sdf":false},"amenity point/vehicle inspection":{"x":216,"y":338,"width":12,"height":16,"pixelRatio":1,"sdf":false},"tower point/observation":{"x":228,"y":338,"width":12,"height":16,"pixelRatio":1,"sdf":false},"amenity point/police":{"x":240,"y":338,"width":12,"height":16,"pixelRatio":1,"sdf":false},"amenity point/car wash":{"x":252,"y":338,"width":12,"height":16,"pixelRatio":1,"sdf":false},"amenity point/pharmacy":{"x":264,"y":338,"width":12,"height":16,"pixelRatio":1,"sdf":false},"shop point/gift":{"x":276,"y":338,"width":12,"height":16,"pixelRatio":1,"sdf":false},"tower point/lattice":{"x":288,"y":338,"width":12,"height":16,"pixelRatio":1,"sdf":false},"tower point/lattice lighting":{"x":300,"y":338,"width":12,"height":16,"pixelRatio":1,"sdf":false},"tower point/lighting":{"x":312,"y":338,"width":12,"height":16,"pixelRatio":1,"sdf":false},"shop point/deli":{"x":324,"y":338,"width":12,"height":16,"pixelRatio":1,"sdf":false},"mast point/lighting":{"x":336,"y":338,"width":12,"height":16,"pixelRatio":1,"sdf":false},"shop point/motorcycle":{"x":348,"y":338,"width":16,"height":16,"pixelRatio":1,"sdf":false},"amenity point/guest house":{"x":364,"y":338,"width":16,"height":16,"pixelRatio":1,"sdf":false},"chimney point":{"x":380,"y":338,"width":14,"height":16,"pixelRatio":1,"sdf":false},"place of worship point/Sikh":{"x":394,"y":338,"width":14,"height":16,"pixelRatio":1,"sdf":false},"amenity point/fuel":{"x":408,"y":338,"width":14,"height":16,"pixelRatio":1,"sdf":false},"amenity point/monument":{"x":422,"y":338,"width":14,"height":16,"pixelRatio":1,"sdf":false},"shop point/second hand":{"x":436,"y":338,"width":14,"height":16,"pixelRatio":1,"sdf":false},"shop point/charity":{"x":450,"y":338,"width":14,"height":16,"pixelRatio":1,"sdf":false},"shop point/variety store":{"x":464,"y":338,"width":14,"height":16,"pixelRatio":1,"sdf":false},"shop point/florist":{"x":478,"y":338,"width":14,"height":16,"pixelRatio":1,"sdf":false},"amenity point/car rental":{"x":492,"y":338,"width":14,"height":16,"pixelRatio":1,"sdf":false},"private access point/bicycle repair station":{"x":506,"y":338,"width":14,"height":16,"pixelRatio":1,"sdf":false},"place of worship point/Jewish":{"x":520,"y":338,"width":14,"height":16,"pixelRatio":1,"sdf":false},"amenity point/windmill":{"x":534,"y":338,"width":14,"height":16,"pixelRatio":1,"sdf":false},"tower point/defensive":{"x":548,"y":338,"width":14,"height":16,"pixelRatio":1,"sdf":false},"shop point/laundry":{"x":562,"y":338,"width":14,"height":16,"pixelRatio":1,"sdf":false},"shop point/outdoor":{"x":576,"y":338,"width":14,"height":16,"pixelRatio":1,"sdf":false},"amenity point/bicycle rental":{"x":590,"y":338,"width":16,"height":16,"pixelRatio":1,"sdf":false},"private access point/motorcycle parking":{"x":606,"y":338,"width":16,"height":16,"pixelRatio":1,"sdf":false},"amenity point/motorcycle parking":{"x":622,"y":338,"width":16,"height":16,"pixelRatio":1,"sdf":false},"amenity point/embassy":{"x":638,"y":338,"width":14,"height":16,"pixelRatio":1,"sdf":false},"shop point/butcher":{"x":652,"y":338,"width":14,"height":16,"pixelRatio":1,"sdf":false},"amenity point/bus station":{"x":666,"y":338,"width":18,"height":16,"pixelRatio":1,"sdf":false},"place of worship point/Christian - Jehovah's Witness":{"x":684,"y":338,"width":14,"height":16,"pixelRatio":1,"sdf":false},"place of worship point/other":{"x":684,"y":338,"width":14,"height":16,"pixelRatio":1,"sdf":false},"shop point/sports":{"x":698,"y":338,"width":16,"height":16,"pixelRatio":1,"sdf":false},"amenity point/ferry terminal":{"x":714,"y":338,"width":14,"height":16,"pixelRatio":1,"sdf":false},"amenity point/motel":{"x":728,"y":338,"width":16,"height":16,"pixelRatio":1,"sdf":false},"shop point/bookmaker":{"x":744,"y":338,"width":16,"height":16,"pixelRatio":1,"sdf":false},"information point/audioguide":{"x":760,"y":338,"width":16,"height":16,"pixelRatio":1,"sdf":false},"castle point/palace, stately":{"x":776,"y":338,"width":16,"height":16,"pixelRatio":1,"sdf":false},"shop point/books":{"x":792,"y":338,"width":16,"height":16,"pixelRatio":1,"sdf":false},"amenity point/library":{"x":808,"y":338,"width":16,"height":16,"pixelRatio":1,"sdf":false},"amenity point/atm":{"x":824,"y":338,"width":16,"height":16,"pixelRatio":1,"sdf":false},"amenity point/marketplace":{"x":840,"y":338,"width":16,"height":16,"pixelRatio":1,"sdf":false},"amenity point/wilderness hut":{"x":856,"y":338,"width":16,"height":16,"pixelRatio":1,"sdf":false},"private access point/wilderness hut":{"x":872,"y":338,"width":16,"height":16,"pixelRatio":1,"sdf":false},"shop point/hairdresser":{"x":888,"y":338,"width":16,"height":16,"pixelRatio":1,"sdf":false},"amenity point/bureau de change":{"x":904,"y":338,"width":16,"height":16,"pixelRatio":1,"sdf":false},"amenity point/theatre":{"x":920,"y":338,"width":16,"height":16,"pixelRatio":1,"sdf":false},"amenity point/courthouse":{"x":936,"y":338,"width":16,"height":16,"pixelRatio":1,"sdf":false},"place of worship point/Taoist":{"x":952,"y":338,"width":16,"height":16,"pixelRatio":1,"sdf":false},"amenity point/taxi":{"x":968,"y":338,"width":16,"height":16,"pixelRatio":1,"sdf":false},"shop point/alcohol":{"x":984,"y":338,"width":16,"height":16,"pixelRatio":1,"sdf":false},"shop point/beverages":{"x":1000,"y":338,"width":16,"height":16,"pixelRatio":1,"sdf":false},"amenity point/biergarten":{"x":1016,"y":338,"width":16,"height":16,"pixelRatio":1,"sdf":false},"amenity point/boat rental":{"x":1032,"y":338,"width":16,"height":16,"pixelRatio":1,"sdf":false},"shop point/paint":{"x":1048,"y":338,"width":16,"height":16,"pixelRatio":1,"sdf":false},"information point/board":{"x":1064,"y":338,"width":16,"height":16,"pixelRatio":1,"sdf":false},"amenity point/alpine hut":{"x":1080,"y":338,"width":16,"height":16,"pixelRatio":1,"sdf":false},"private access point/alpine hut":{"x":1096,"y":338,"width":16,"height":16,"pixelRatio":1,"sdf":false},"amenity point/outdoor seating":{"x":1112,"y":338,"width":16,"height":16,"pixelRatio":1,"sdf":false},"private access point/toilets":{"x":1128,"y":338,"width":16,"height":16,"pixelRatio":1,"sdf":false},"amenity point/toilets":{"x":1144,"y":338,"width":16,"height":16,"pixelRatio":1,"sdf":false},"shop point/trade":{"x":1160,"y":338,"width":16,"height":16,"pixelRatio":1,"sdf":false},"shop point/tobacco":{"x":1176,"y":338,"width":16,"height":16,"pixelRatio":1,"sdf":false},"amenity point/camp site":{"x":1192,"y":338,"width":16,"height":16,"pixelRatio":1,"sdf":false},"shop point/interior decoration":{"x":1208,"y":338,"width":16,"height":16,"pixelRatio":1,"sdf":false},"amenity point/prison":{"x":1224,"y":338,"width":16,"height":16,"pixelRatio":1,"sdf":false},"amenity point/cinema":{"x":1240,"y":338,"width":16,"height":16,"pixelRatio":1,"sdf":false},"amenity point/fort":{"x":1256,"y":338,"width":16,"height":16,"pixelRatio":1,"sdf":false},"shop point/electronics":{"x":1272,"y":338,"width":16,"height":16,"pixelRatio":1,"sdf":false},"information point/guidepost":{"x":1288,"y":338,"width":16,"height":16,"pixelRatio":1,"sdf":false},"amenity point/public bath":{"x":1304,"y":338,"width":16,"height":16,"pixelRatio":1,"sdf":false},"private access point/playground":{"x":1320,"y":338,"width":16,"height":16,"pixelRatio":1,"sdf":false},"amenity point/playground":{"x":1336,"y":338,"width":16,"height":16,"pixelRatio":1,"sdf":false},"shop point/garden centre":{"x":1352,"y":338,"width":16,"height":16,"pixelRatio":1,"sdf":false},"swimming point":{"x":1368,"y":338,"width":18,"height":16,"pixelRatio":1,"sdf":false},"shop point/video":{"x":1386,"y":338,"width":18,"height":16,"pixelRatio":1,"sdf":false},"shop point/kiosk":{"x":1404,"y":338,"width":16,"height":16,"pixelRatio":1,"sdf":false},"shop point/houseware":{"x":1420,"y":338,"width":16,"height":16,"pixelRatio":1,"sdf":false},"amenity point/charging station":{"x":1436,"y":338,"width":16,"height":16,"pixelRatio":1,"sdf":false},"private access point/charging station":{"x":1452,"y":338,"width":16,"height":16,"pixelRatio":1,"sdf":false},"private access point/bicycle parking":{"x":1468,"y":338,"width":16,"height":16,"pixelRatio":1,"sdf":false},"amenity point/bicycle parking":{"x":1484,"y":338,"width":16,"height":16,"pixelRatio":1,"sdf":false},"information point/map":{"x":1500,"y":338,"width":18,"height":16,"pixelRatio":1,"sdf":false},"amenity point/chalet":{"x":1518,"y":338,"width":18,"height":16,"pixelRatio":1,"sdf":false},"amenity point/bird hide":{"x":1536,"y":338,"width":16,"height":16,"pixelRatio":1,"sdf":false},"private access point/shelter":{"x":1552,"y":338,"width":16,"height":16,"pixelRatio":1,"sdf":false},"amenity point/shelter":{"x":1568,"y":338,"width":16,"height":16,"pixelRatio":1,"sdf":false},"amenity point/social facility":{"x":1584,"y":338,"width":16,"height":16,"pixelRatio":1,"sdf":false},"amenity point/telephone":{"x":1600,"y":338,"width":16,"height":16,"pixelRatio":1,"sdf":false},"tower point/communication":{"x":1616,"y":338,"width":16,"height":16,"pixelRatio":1,"sdf":false},"tower point/lattice communication":{"x":1632,"y":338,"width":16,"height":16,"pixelRatio":1,"sdf":false},"mast point/communication":{"x":1648,"y":338,"width":16,"height":16,"pixelRatio":1,"sdf":false},"amenity point/archaeological site":{"x":1664,"y":338,"width":16,"height":16,"pixelRatio":1,"sdf":false},"shop point/farm":{"x":1680,"y":338,"width":16,"height":16,"pixelRatio":1,"sdf":false},"amenity point/veterinary":{"x":1696,"y":338,"width":16,"height":16,"pixelRatio":1,"sdf":false},"amenity point/lighthouse":{"x":1712,"y":338,"width":16,"height":16,"pixelRatio":1,"sdf":false},"shop point/computer":{"x":0,"y":354,"width":16,"height":16,"pixelRatio":1,"sdf":false},"recycling place point/private":{"x":16,"y":354,"width":16,"height":16,"pixelRatio":1,"sdf":false},"recycling place point/public":{"x":32,"y":354,"width":16,"height":16,"pixelRatio":1,"sdf":false},"amenity point/beach resort":{"x":48,"y":354,"width":16,"height":16,"pixelRatio":1,"sdf":false},"shop point/hardware":{"x":64,"y":354,"width":16,"height":16,"pixelRatio":1,"sdf":false},"shop point/toys":{"x":80,"y":354,"width":16,"height":16,"pixelRatio":1,"sdf":false},"place of worship point/Buddhist":{"x":96,"y":354,"width":16,"height":16,"pixelRatio":1,"sdf":false},"amenity point/communications tower":{"x":112,"y":354,"width":18,"height":16,"pixelRatio":1,"sdf":false},"shop point/music":{"x":130,"y":354,"width":18,"height":16,"pixelRatio":1,"sdf":false},"amenity point/arcade":{"x":148,"y":354,"width":18,"height":16,"pixelRatio":1,"sdf":false},"shop point/travel agency":{"x":166,"y":354,"width":18,"height":16,"pixelRatio":1,"sdf":false},"amenity point/viewpoint":{"x":184,"y":354,"width":18,"height":16,"pixelRatio":1,"sdf":false},"amenity point/ford":{"x":202,"y":354,"width":18,"height":16,"pixelRatio":1,"sdf":false},"shop point/department store":{"x":220,"y":354,"width":14,"height":16,"pixelRatio":1,"sdf":false},"waterfall":{"x":234,"y":354,"width":18,"height":16,"pixelRatio":1,"sdf":false},"amenity area/consulate":{"x":252,"y":354,"width":12,"height":16,"pixelRatio":1,"sdf":false},"information area/other":{"x":264,"y":354,"width":6,"height":16,"pixelRatio":1,"sdf":false},"memorial area/statue":{"x":270,"y":354,"width":8,"height":16,"pixelRatio":1,"sdf":false},"memorial area/artwork":{"x":278,"y":354,"width":10,"height":16,"pixelRatio":1,"sdf":false},"amenity point/obelisk":{"x":288,"y":354,"width":10,"height":16,"pixelRatio":1,"sdf":false},"amenity area/obelisk":{"x":298,"y":354,"width":10,"height":16,"pixelRatio":1,"sdf":false},"memorial area/bust":{"x":308,"y":354,"width":12,"height":16,"pixelRatio":1,"sdf":false},"amenity point/consulate":{"x":320,"y":354,"width":12,"height":16,"pixelRatio":1,"sdf":false},"amenity area/restaurant":{"x":332,"y":354,"width":14,"height":16,"pixelRatio":1,"sdf":false},"amenity area/food court":{"x":346,"y":354,"width":14,"height":16,"pixelRatio":1,"sdf":false},"private access area/drinking water":{"x":360,"y":354,"width":14,"height":16,"pixelRatio":1,"sdf":false},"amenity area/drinking water":{"x":374,"y":354,"width":14,"height":16,"pixelRatio":1,"sdf":false},"telescope area":{"x":388,"y":354,"width":14,"height":16,"pixelRatio":1,"sdf":false},"amenity area/public bookcase":{"x":402,"y":354,"width":16,"height":16,"pixelRatio":1,"sdf":false},"vending machine area/public transport tickets":{"x":418,"y":354,"width":16,"height":16,"pixelRatio":1,"sdf":false},"optical telescope area":{"x":434,"y":354,"width":16,"height":16,"pixelRatio":1,"sdf":false},"vending machine area/parking tickets":{"x":450,"y":354,"width":16,"height":16,"pixelRatio":1,"sdf":false},"amenity area/fishing":{"x":466,"y":354,"width":16,"height":16,"pixelRatio":1,"sdf":false},"shop area/fabric":{"x":482,"y":354,"width":16,"height":16,"pixelRatio":1,"sdf":false},"shop area/carpet":{"x":498,"y":354,"width":16,"height":16,"pixelRatio":1,"sdf":false},"crane point":{"x":514,"y":354,"width":16,"height":16,"pixelRatio":1,"sdf":false},"crane area":{"x":530,"y":354,"width":16,"height":16,"pixelRatio":1,"sdf":false},"vending machine area/excrement bags":{"x":546,"y":354,"width":16,"height":16,"pixelRatio":1,"sdf":false},"wind turbine area":{"x":562,"y":354,"width":16,"height":16,"pixelRatio":1,"sdf":false},"amenity area/nightclub":{"x":578,"y":354,"width":16,"height":16,"pixelRatio":1,"sdf":false},"tower point/dome":{"x":594,"y":354,"width":8,"height":16,"pixelRatio":1,"sdf":false},"tower area/dome":{"x":594,"y":354,"width":8,"height":16,"pixelRatio":1,"sdf":false},"amenity area/bbq":{"x":602,"y":354,"width":14,"height":16,"pixelRatio":1,"sdf":false},"private access area/bbq":{"x":616,"y":354,"width":14,"height":16,"pixelRatio":1,"sdf":false},"amenity area/advertising column":{"x":630,"y":354,"width":8,"height":16,"pixelRatio":1,"sdf":false},"tower area/cooling":{"x":638,"y":354,"width":12,"height":16,"pixelRatio":1,"sdf":false},"tower point/cooling":{"x":638,"y":354,"width":12,"height":16,"pixelRatio":1,"sdf":false},"tower area/bell tower":{"x":650,"y":354,"width":10,"height":16,"pixelRatio":1,"sdf":false},"shop area/mobile phone":{"x":660,"y":354,"width":10,"height":16,"pixelRatio":1,"sdf":false},"information area/terminal":{"x":670,"y":354,"width":10,"height":16,"pixelRatio":1,"sdf":false},"tower area/other":{"x":680,"y":354,"width":10,"height":16,"pixelRatio":1,"sdf":false},"amenity area/waste disposal":{"x":690,"y":354,"width":10,"height":16,"pixelRatio":1,"sdf":false},"amenity area/hunting stand":{"x":700,"y":354,"width":12,"height":16,"pixelRatio":1,"sdf":false},"shop area/supermarket":{"x":712,"y":354,"width":16,"height":16,"pixelRatio":1,"sdf":false},"mast area/other":{"x":728,"y":354,"width":10,"height":16,"pixelRatio":1,"sdf":false},"amenity area/hostel":{"x":738,"y":354,"width":16,"height":16,"pixelRatio":1,"sdf":false},"amenity area/water tower":{"x":754,"y":354,"width":12,"height":16,"pixelRatio":1,"sdf":false},"shop area/hifi":{"x":766,"y":354,"width":12,"height":16,"pixelRatio":1,"sdf":false},"amenity area/dentist":{"x":778,"y":354,"width":12,"height":16,"pixelRatio":1,"sdf":false},"amenity area/fire station":{"x":790,"y":354,"width":12,"height":16,"pixelRatio":1,"sdf":false},"amenity area/ice cream":{"x":802,"y":354,"width":12,"height":16,"pixelRatio":1,"sdf":false},"amenity area/vehicle inspection":{"x":814,"y":354,"width":12,"height":16,"pixelRatio":1,"sdf":false},"tower area/observation":{"x":826,"y":354,"width":12,"height":16,"pixelRatio":1,"sdf":false},"amenity area/police":{"x":838,"y":354,"width":12,"height":16,"pixelRatio":1,"sdf":false},"amenity area/car wash":{"x":850,"y":354,"width":12,"height":16,"pixelRatio":1,"sdf":false},"amenity area/pharmacy":{"x":862,"y":354,"width":12,"height":16,"pixelRatio":1,"sdf":false},"shop area/gift":{"x":874,"y":354,"width":12,"height":16,"pixelRatio":1,"sdf":false},"tower area/lattice":{"x":886,"y":354,"width":12,"height":16,"pixelRatio":1,"sdf":false},"tower area/lattice lighting":{"x":898,"y":354,"width":12,"height":16,"pixelRatio":1,"sdf":false},"tower area/lighting":{"x":910,"y":354,"width":12,"height":16,"pixelRatio":1,"sdf":false},"shop area/deli":{"x":922,"y":354,"width":12,"height":16,"pixelRatio":1,"sdf":false},"mast area/lighting":{"x":934,"y":354,"width":12,"height":16,"pixelRatio":1,"sdf":false},"shop area/motorcycle":{"x":946,"y":354,"width":16,"height":16,"pixelRatio":1,"sdf":false},"amenity area/guest house":{"x":962,"y":354,"width":16,"height":16,"pixelRatio":1,"sdf":false},"chimney area":{"x":978,"y":354,"width":14,"height":16,"pixelRatio":1,"sdf":false},"place of worship area/Sikh":{"x":992,"y":354,"width":14,"height":16,"pixelRatio":1,"sdf":false},"amenity area/fuel":{"x":1006,"y":354,"width":14,"height":16,"pixelRatio":1,"sdf":false},"amenity area/monument":{"x":1020,"y":354,"width":14,"height":16,"pixelRatio":1,"sdf":false},"shop area/second hand":{"x":1034,"y":354,"width":14,"height":16,"pixelRatio":1,"sdf":false},"shop area/charity":{"x":1048,"y":354,"width":14,"height":16,"pixelRatio":1,"sdf":false},"shop area/variety store":{"x":1062,"y":354,"width":14,"height":16,"pixelRatio":1,"sdf":false},"shop area/florist":{"x":1076,"y":354,"width":14,"height":16,"pixelRatio":1,"sdf":false},"amenity area/car rental":{"x":1090,"y":354,"width":14,"height":16,"pixelRatio":1,"sdf":false},"private access area/bicycle repair station":{"x":1104,"y":354,"width":14,"height":16,"pixelRatio":1,"sdf":false},"place of worship area/Jewish":{"x":1118,"y":354,"width":14,"height":16,"pixelRatio":1,"sdf":false},"amenity area/windmill":{"x":1132,"y":354,"width":14,"height":16,"pixelRatio":1,"sdf":false},"tower area/defensive":{"x":1146,"y":354,"width":14,"height":16,"pixelRatio":1,"sdf":false},"shop area/laundry":{"x":1160,"y":354,"width":14,"height":16,"pixelRatio":1,"sdf":false},"shop area/outdoor":{"x":1174,"y":354,"width":14,"height":16,"pixelRatio":1,"sdf":false},"amenity area/bicycle rental":{"x":1188,"y":354,"width":16,"height":16,"pixelRatio":1,"sdf":false},"private access area/motorcycle parking":{"x":1204,"y":354,"width":16,"height":16,"pixelRatio":1,"sdf":false},"amenity area/motorcycle parking":{"x":1220,"y":354,"width":16,"height":16,"pixelRatio":1,"sdf":false},"amenity area/embassy":{"x":1236,"y":354,"width":14,"height":16,"pixelRatio":1,"sdf":false},"shop area/butcher":{"x":1250,"y":354,"width":14,"height":16,"pixelRatio":1,"sdf":false},"amenity area/bus station":{"x":1264,"y":354,"width":18,"height":16,"pixelRatio":1,"sdf":false},"place of worship area/other":{"x":1282,"y":354,"width":14,"height":16,"pixelRatio":1,"sdf":false},"place of worship area/Christian - Jehovah's Witness":{"x":1282,"y":354,"width":14,"height":16,"pixelRatio":1,"sdf":false},"shop area/sports":{"x":1296,"y":354,"width":16,"height":16,"pixelRatio":1,"sdf":false},"amenity area/ferry terminal":{"x":1312,"y":354,"width":14,"height":16,"pixelRatio":1,"sdf":false},"amenity area/motel":{"x":1326,"y":354,"width":16,"height":16,"pixelRatio":1,"sdf":false},"shop area/bookmaker":{"x":1342,"y":354,"width":16,"height":16,"pixelRatio":1,"sdf":false},"information area/audioguide":{"x":1358,"y":354,"width":16,"height":16,"pixelRatio":1,"sdf":false},"castle area/palace, stately":{"x":1374,"y":354,"width":16,"height":16,"pixelRatio":1,"sdf":false},"shop area/books":{"x":1390,"y":354,"width":16,"height":16,"pixelRatio":1,"sdf":false},"amenity area/library":{"x":1406,"y":354,"width":16,"height":16,"pixelRatio":1,"sdf":false},"amenity area/atm":{"x":1422,"y":354,"width":16,"height":16,"pixelRatio":1,"sdf":false},"amenity area/marketplace":{"x":1438,"y":354,"width":16,"height":16,"pixelRatio":1,"sdf":false},"amenity area/wilderness hut":{"x":1454,"y":354,"width":16,"height":16,"pixelRatio":1,"sdf":false},"private access area/wilderness hut":{"x":1470,"y":354,"width":16,"height":16,"pixelRatio":1,"sdf":false},"shop area/hairdresser":{"x":1486,"y":354,"width":16,"height":16,"pixelRatio":1,"sdf":false},"amenity area/bureau de change":{"x":1502,"y":354,"width":16,"height":16,"pixelRatio":1,"sdf":false},"amenity area/theatre":{"x":1518,"y":354,"width":16,"height":16,"pixelRatio":1,"sdf":false},"amenity area/courthouse":{"x":1534,"y":354,"width":16,"height":16,"pixelRatio":1,"sdf":false},"place of worship area/Taoist":{"x":1550,"y":354,"width":16,"height":16,"pixelRatio":1,"sdf":false},"amenity area/taxi":{"x":1566,"y":354,"width":16,"height":16,"pixelRatio":1,"sdf":false},"shop area/alcohol":{"x":1582,"y":354,"width":16,"height":16,"pixelRatio":1,"sdf":false},"shop area/beverages":{"x":1598,"y":354,"width":16,"height":16,"pixelRatio":1,"sdf":false},"amenity area/biergarten":{"x":1614,"y":354,"width":16,"height":16,"pixelRatio":1,"sdf":false},"amenity area/boat rental":{"x":1630,"y":354,"width":16,"height":16,"pixelRatio":1,"sdf":false},"shop area/paint":{"x":1646,"y":354,"width":16,"height":16,"pixelRatio":1,"sdf":false},"information area/board":{"x":1662,"y":354,"width":16,"height":16,"pixelRatio":1,"sdf":false},"amenity area/alpine hut":{"x":1678,"y":354,"width":16,"height":16,"pixelRatio":1,"sdf":false},"private access area/alpine hut":{"x":1694,"y":354,"width":16,"height":16,"pixelRatio":1,"sdf":false},"amenity area/outdoor seating":{"x":1710,"y":354,"width":16,"height":16,"pixelRatio":1,"sdf":false},"private access area/toilets":{"x":0,"y":370,"width":16,"height":16,"pixelRatio":1,"sdf":false},"amenity area/toilets":{"x":16,"y":370,"width":16,"height":16,"pixelRatio":1,"sdf":false},"shop area/trade":{"x":32,"y":370,"width":16,"height":16,"pixelRatio":1,"sdf":false},"shop area/tobacco":{"x":48,"y":370,"width":16,"height":16,"pixelRatio":1,"sdf":false},"amenity area/camp site":{"x":64,"y":370,"width":16,"height":16,"pixelRatio":1,"sdf":false},"shop area/interior decoration":{"x":80,"y":370,"width":16,"height":16,"pixelRatio":1,"sdf":false},"amenity area/prison":{"x":96,"y":370,"width":16,"height":16,"pixelRatio":1,"sdf":false},"amenity area/cinema":{"x":112,"y":370,"width":16,"height":16,"pixelRatio":1,"sdf":false},"amenity area/fort":{"x":128,"y":370,"width":16,"height":16,"pixelRatio":1,"sdf":false},"amenity point/fountain":{"x":144,"y":370,"width":16,"height":16,"pixelRatio":1,"sdf":false},"amenity area/fountain":{"x":144,"y":370,"width":16,"height":16,"pixelRatio":1,"sdf":false},"shop area/electronics":{"x":160,"y":370,"width":16,"height":16,"pixelRatio":1,"sdf":false},"information area/guidepost":{"x":176,"y":370,"width":16,"height":16,"pixelRatio":1,"sdf":false},"amenity area/public bath":{"x":192,"y":370,"width":16,"height":16,"pixelRatio":1,"sdf":false},"private access area/playground":{"x":208,"y":370,"width":16,"height":16,"pixelRatio":1,"sdf":false},"amenity area/playground":{"x":224,"y":370,"width":16,"height":16,"pixelRatio":1,"sdf":false},"shop area/garden centre":{"x":240,"y":370,"width":16,"height":16,"pixelRatio":1,"sdf":false},"swimming area":{"x":256,"y":370,"width":18,"height":16,"pixelRatio":1,"sdf":false},"shop area/video":{"x":274,"y":370,"width":18,"height":16,"pixelRatio":1,"sdf":false},"shop area/kiosk":{"x":292,"y":370,"width":16,"height":16,"pixelRatio":1,"sdf":false},"shop area/houseware":{"x":308,"y":370,"width":16,"height":16,"pixelRatio":1,"sdf":false},"amenity area/charging station":{"x":324,"y":370,"width":16,"height":16,"pixelRatio":1,"sdf":false},"private access area/charging station":{"x":340,"y":370,"width":16,"height":16,"pixelRatio":1,"sdf":false},"private access area/bicycle parking":{"x":356,"y":370,"width":16,"height":16,"pixelRatio":1,"sdf":false},"amenity area/bicycle parking":{"x":372,"y":370,"width":16,"height":16,"pixelRatio":1,"sdf":false},"information area/map":{"x":388,"y":370,"width":18,"height":16,"pixelRatio":1,"sdf":false},"amenity area/chalet":{"x":406,"y":370,"width":18,"height":16,"pixelRatio":1,"sdf":false},"amenity area/bird hide":{"x":424,"y":370,"width":16,"height":16,"pixelRatio":1,"sdf":false},"private access area/shelter":{"x":440,"y":370,"width":16,"height":16,"pixelRatio":1,"sdf":false},"amenity area/shelter":{"x":456,"y":370,"width":16,"height":16,"pixelRatio":1,"sdf":false},"amenity area/social facility":{"x":472,"y":370,"width":16,"height":16,"pixelRatio":1,"sdf":false},"amenity area/telephone":{"x":488,"y":370,"width":16,"height":16,"pixelRatio":1,"sdf":false},"tower area/communication":{"x":504,"y":370,"width":16,"height":16,"pixelRatio":1,"sdf":false},"tower area/lattice communication":{"x":520,"y":370,"width":16,"height":16,"pixelRatio":1,"sdf":false},"mast area/communication":{"x":536,"y":370,"width":16,"height":16,"pixelRatio":1,"sdf":false},"amenity area/archaeological site":{"x":552,"y":370,"width":16,"height":16,"pixelRatio":1,"sdf":false},"shop area/farm":{"x":568,"y":370,"width":16,"height":16,"pixelRatio":1,"sdf":false},"amenity area/veterinary":{"x":584,"y":370,"width":16,"height":16,"pixelRatio":1,"sdf":false},"amenity area/lighthouse":{"x":600,"y":370,"width":16,"height":16,"pixelRatio":1,"sdf":false},"shop area/computer":{"x":616,"y":370,"width":16,"height":16,"pixelRatio":1,"sdf":false},"recycling place area/private":{"x":632,"y":370,"width":16,"height":16,"pixelRatio":1,"sdf":false},"recycling place area/public":{"x":648,"y":370,"width":16,"height":16,"pixelRatio":1,"sdf":false},"amenity area/beach resort":{"x":664,"y":370,"width":16,"height":16,"pixelRatio":1,"sdf":false},"shop area/hardware":{"x":680,"y":370,"width":16,"height":16,"pixelRatio":1,"sdf":false},"shop area/toys":{"x":696,"y":370,"width":16,"height":16,"pixelRatio":1,"sdf":false},"place of worship area/Buddhist":{"x":712,"y":370,"width":16,"height":16,"pixelRatio":1,"sdf":false},"amenity area/communications tower":{"x":728,"y":370,"width":18,"height":16,"pixelRatio":1,"sdf":false},"shop area/music":{"x":746,"y":370,"width":18,"height":16,"pixelRatio":1,"sdf":false},"amenity area/arcade":{"x":764,"y":370,"width":18,"height":16,"pixelRatio":1,"sdf":false},"shop area/travel agency":{"x":782,"y":370,"width":18,"height":16,"pixelRatio":1,"sdf":false},"amenity area/viewpoint":{"x":800,"y":370,"width":18,"height":16,"pixelRatio":1,"sdf":false},"shop area/department store":{"x":818,"y":370,"width":14,"height":16,"pixelRatio":1,"sdf":false},"amenity line/ford":{"x":832,"y":370,"width":18,"height":16,"pixelRatio":1,"sdf":false},"landcover/garden":{"x":850,"y":370,"width":16,"height":16,"pixelRatio":1,"sdf":false},"landcover/plant nursery":{"x":850,"y":370,"width":16,"height":16,"pixelRatio":1,"sdf":false},"landcover/prison":{"x":866,"y":370,"width":16,"height":16,"pixelRatio":1,"sdf":false},"landcover/danger area":{"x":882,"y":370,"width":16,"height":16,"pixelRatio":1,"sdf":false},"landcover/military":{"x":898,"y":370,"width":16,"height":16,"pixelRatio":1,"sdf":false},"aerodrome point":{"x":914,"y":370,"width":14,"height":14,"pixelRatio":1,"sdf":false},"amenity point/elevator":{"x":928,"y":370,"width":14,"height":14,"pixelRatio":1,"sdf":false},"amenity point/post box":{"x":942,"y":370,"width":16,"height":14,"pixelRatio":1,"sdf":false},"amenity point (low priority)/full-height turnstile":{"x":958,"y":370,"width":10,"height":14,"pixelRatio":1,"sdf":false},"amenity point (low priority)/kissing gate":{"x":968,"y":370,"width":14,"height":14,"pixelRatio":1,"sdf":false},"amenity point/slipway":{"x":982,"y":370,"width":16,"height":14,"pixelRatio":1,"sdf":false},"amenity point/casino":{"x":998,"y":370,"width":18,"height":14,"pixelRatio":1,"sdf":false},"amenity point (low priority)/stile":{"x":1016,"y":370,"width":10,"height":14,"pixelRatio":1,"sdf":false},"private access point/parking":{"x":1026,"y":370,"width":16,"height":14,"pixelRatio":1,"sdf":false},"amenity point/parking":{"x":1042,"y":370,"width":16,"height":14,"pixelRatio":1,"sdf":false},"amenity point/pub":{"x":1058,"y":370,"width":12,"height":14,"pixelRatio":1,"sdf":false},"shop point/convenience":{"x":1070,"y":370,"width":16,"height":14,"pixelRatio":1,"sdf":false},"amenity point/bar":{"x":1086,"y":370,"width":14,"height":14,"pixelRatio":1,"sdf":false},"shop point/car":{"x":1100,"y":370,"width":16,"height":14,"pixelRatio":1,"sdf":false},"shop point/musical instrument":{"x":1116,"y":370,"width":16,"height":14,"pixelRatio":1,"sdf":false},"shop point/bicycle":{"x":1132,"y":370,"width":16,"height":14,"pixelRatio":1,"sdf":false},"shop point/bed":{"x":1148,"y":370,"width":16,"height":14,"pixelRatio":1,"sdf":false},"castle point/castrum, defensive, fortress, kremlin, shiro":{"x":1164,"y":370,"width":16,"height":14,"pixelRatio":1,"sdf":false},"shop point/clothes":{"x":1180,"y":370,"width":16,"height":14,"pixelRatio":1,"sdf":false},"amenity point/cafe":{"x":1196,"y":370,"width":16,"height":14,"pixelRatio":1,"sdf":false},"shop point/massage":{"x":1212,"y":370,"width":16,"height":14,"pixelRatio":1,"sdf":false},"amenity point/doctor":{"x":1228,"y":370,"width":16,"height":14,"pixelRatio":1,"sdf":false},"amenity point/clinic":{"x":1244,"y":370,"width":16,"height":14,"pixelRatio":1,"sdf":false},"shop point/bag":{"x":1260,"y":370,"width":16,"height":14,"pixelRatio":1,"sdf":false},"place of worship point/Muslim":{"x":1276,"y":370,"width":16,"height":14,"pixelRatio":1,"sdf":false},"amenity point/emergency phone":{"x":1292,"y":370,"width":16,"height":14,"pixelRatio":1,"sdf":false},"amenity point/community centre":{"x":1308,"y":370,"width":16,"height":14,"pixelRatio":1,"sdf":false},"castle point/manor":{"x":1324,"y":370,"width":16,"height":14,"pixelRatio":1,"sdf":false},"shop point/car parts":{"x":1340,"y":370,"width":16,"height":14,"pixelRatio":1,"sdf":false},"amenity point/museum":{"x":1356,"y":370,"width":16,"height":14,"pixelRatio":1,"sdf":false},"castle point/other":{"x":1372,"y":370,"width":16,"height":14,"pixelRatio":1,"sdf":false},"amenity point/city gate":{"x":1388,"y":370,"width":16,"height":14,"pixelRatio":1,"sdf":false},"place of worship point/Hindu":{"x":1404,"y":370,"width":18,"height":14,"pixelRatio":1,"sdf":false},"shop point/tea":{"x":1422,"y":370,"width":18,"height":14,"pixelRatio":1,"sdf":false},"amenity area/city gate":{"x":1440,"y":370,"width":16,"height":14,"pixelRatio":1,"sdf":false},"aerodrome area":{"x":1456,"y":370,"width":14,"height":14,"pixelRatio":1,"sdf":false},"amenity area/fountain_1":{"x":1470,"y":370,"width":14,"height":14,"pixelRatio":1,"sdf":false},"amenity point/fountain_1":{"x":1470,"y":370,"width":14,"height":14,"pixelRatio":1,"sdf":false},"amenity area/elevator":{"x":1484,"y":370,"width":14,"height":14,"pixelRatio":1,"sdf":false},"amenity area/post box":{"x":1498,"y":370,"width":16,"height":14,"pixelRatio":1,"sdf":false},"amenity area (low priority)/full-height turnstile":{"x":1514,"y":370,"width":10,"height":14,"pixelRatio":1,"sdf":false},"amenity area/casino":{"x":1524,"y":370,"width":18,"height":14,"pixelRatio":1,"sdf":false},"amenity area (low priority)/stile":{"x":1542,"y":370,"width":10,"height":14,"pixelRatio":1,"sdf":false},"private access area/parking":{"x":1552,"y":370,"width":16,"height":14,"pixelRatio":1,"sdf":false},"amenity area/parking":{"x":1568,"y":370,"width":16,"height":14,"pixelRatio":1,"sdf":false},"amenity area/pub":{"x":1584,"y":370,"width":12,"height":14,"pixelRatio":1,"sdf":false},"shop area/convenience":{"x":1596,"y":370,"width":16,"height":14,"pixelRatio":1,"sdf":false},"amenity area/bar":{"x":1612,"y":370,"width":14,"height":14,"pixelRatio":1,"sdf":false},"shop area/car":{"x":1626,"y":370,"width":16,"height":14,"pixelRatio":1,"sdf":false},"shop area/musical instrument":{"x":1642,"y":370,"width":16,"height":14,"pixelRatio":1,"sdf":false},"shop area/bicycle":{"x":1658,"y":370,"width":16,"height":14,"pixelRatio":1,"sdf":false},"shop area/bed":{"x":1674,"y":370,"width":16,"height":14,"pixelRatio":1,"sdf":false},"castle area/castrum, defensive, fortress, kremlin, shiro":{"x":1690,"y":370,"width":16,"height":14,"pixelRatio":1,"sdf":false},"shop area/clothes":{"x":1706,"y":370,"width":16,"height":14,"pixelRatio":1,"sdf":false},"amenity area/cafe":{"x":0,"y":386,"width":16,"height":14,"pixelRatio":1,"sdf":false},"shop area/massage":{"x":16,"y":386,"width":16,"height":14,"pixelRatio":1,"sdf":false},"amenity area/doctor":{"x":32,"y":386,"width":16,"height":14,"pixelRatio":1,"sdf":false},"amenity area/clinic":{"x":48,"y":386,"width":16,"height":14,"pixelRatio":1,"sdf":false},"shop area/bag":{"x":64,"y":386,"width":16,"height":14,"pixelRatio":1,"sdf":false},"place of worship area/Muslim":{"x":80,"y":386,"width":16,"height":14,"pixelRatio":1,"sdf":false},"amenity area/community centre":{"x":96,"y":386,"width":16,"height":14,"pixelRatio":1,"sdf":false},"castle area/manor":{"x":112,"y":386,"width":16,"height":14,"pixelRatio":1,"sdf":false},"shop area/car parts":{"x":128,"y":386,"width":16,"height":14,"pixelRatio":1,"sdf":false},"amenity area/museum":{"x":144,"y":386,"width":16,"height":14,"pixelRatio":1,"sdf":false},"castle area/other":{"x":160,"y":386,"width":16,"height":14,"pixelRatio":1,"sdf":false},"place of worship area/Hindu":{"x":176,"y":386,"width":18,"height":14,"pixelRatio":1,"sdf":false},"shop area/tea":{"x":194,"y":386,"width":18,"height":14,"pixelRatio":1,"sdf":false},"amenity line/slipway":{"x":212,"y":386,"width":16,"height":14,"pixelRatio":1,"sdf":false},"amenity point/bus stop":{"x":228,"y":386,"width":10,"height":12,"pixelRatio":1,"sdf":false},"amenity point (low priority)/railway crossing":{"x":238,"y":386,"width":12,"height":12,"pixelRatio":1,"sdf":false},"amenity point (low priority)/railway level crossing":{"x":238,"y":386,"width":12,"height":12,"pixelRatio":1,"sdf":false},"amenity point/spring":{"x":250,"y":386,"width":12,"height":12,"pixelRatio":1,"sdf":false},"amenity point (low priority)/mini roundabout":{"x":262,"y":386,"width":12,"height":12,"pixelRatio":1,"sdf":false},"amenity point (low priority)/gate":{"x":274,"y":386,"width":14,"height":12,"pixelRatio":1,"sdf":false},"memorial point/stone":{"x":288,"y":386,"width":18,"height":12,"pixelRatio":1,"sdf":false},"shop point/optician":{"x":306,"y":386,"width":16,"height":12,"pixelRatio":1,"sdf":false},"amenity point/bank":{"x":322,"y":386,"width":16,"height":12,"pixelRatio":1,"sdf":false},"shop point/furniture":{"x":338,"y":386,"width":16,"height":12,"pixelRatio":1,"sdf":false},"amenity point/caravan site":{"x":354,"y":386,"width":16,"height":12,"pixelRatio":1,"sdf":false},"amenity point/post office":{"x":370,"y":386,"width":16,"height":12,"pixelRatio":1,"sdf":false},"amenity point/fast food":{"x":386,"y":386,"width":16,"height":12,"pixelRatio":1,"sdf":false},"private access point/picnic site":{"x":402,"y":386,"width":18,"height":12,"pixelRatio":1,"sdf":false},"private access point/picnic table":{"x":420,"y":386,"width":18,"height":12,"pixelRatio":1,"sdf":false},"amenity point/picnic site":{"x":438,"y":386,"width":18,"height":12,"pixelRatio":1,"sdf":false},"amenity point/picnic table":{"x":456,"y":386,"width":18,"height":12,"pixelRatio":1,"sdf":false},"shop point/ticket":{"x":474,"y":386,"width":18,"height":12,"pixelRatio":1,"sdf":false},"memorial point/plaque":{"x":492,"y":386,"width":16,"height":12,"pixelRatio":1,"sdf":false},"railway station area":{"x":508,"y":386,"width":12,"height":12,"pixelRatio":1,"sdf":false},"amenity area/bus stop":{"x":520,"y":386,"width":10,"height":12,"pixelRatio":1,"sdf":false},"railway station point":{"x":530,"y":386,"width":12,"height":12,"pixelRatio":1,"sdf":false},"amenity area/spring":{"x":542,"y":386,"width":12,"height":12,"pixelRatio":1,"sdf":false},"station point/subway entrance":{"x":554,"y":386,"width":12,"height":12,"pixelRatio":1,"sdf":false},"capital":{"x":566,"y":386,"width":12,"height":12,"pixelRatio":1,"sdf":false},"entrance/service (other access)":{"x":578,"y":386,"width":12,"height":12,"pixelRatio":1,"sdf":false},"entrance/service (public access)":{"x":590,"y":386,"width":12,"height":12,"pixelRatio":1,"sdf":false},"entrance/home, staircase (other access)":{"x":602,"y":386,"width":12,"height":12,"pixelRatio":1,"sdf":false},"entrance/home, staircase (public access)":{"x":614,"y":386,"width":12,"height":12,"pixelRatio":1,"sdf":false},"amenity area (low priority)/gate":{"x":626,"y":386,"width":14,"height":12,"pixelRatio":1,"sdf":false},"memorial area/stone":{"x":640,"y":386,"width":18,"height":12,"pixelRatio":1,"sdf":false},"shop area/optician":{"x":658,"y":386,"width":16,"height":12,"pixelRatio":1,"sdf":false},"amenity area/bank":{"x":674,"y":386,"width":16,"height":12,"pixelRatio":1,"sdf":false},"shop area/furniture":{"x":690,"y":386,"width":16,"height":12,"pixelRatio":1,"sdf":false},"amenity area/caravan site":{"x":706,"y":386,"width":16,"height":12,"pixelRatio":1,"sdf":false},"amenity area/post office":{"x":722,"y":386,"width":16,"height":12,"pixelRatio":1,"sdf":false},"amenity area/fast food":{"x":738,"y":386,"width":16,"height":12,"pixelRatio":1,"sdf":false},"private access area/picnic site":{"x":754,"y":386,"width":18,"height":12,"pixelRatio":1,"sdf":false},"private access area/picnic table":{"x":772,"y":386,"width":18,"height":12,"pixelRatio":1,"sdf":false},"amenity area/picnic site":{"x":790,"y":386,"width":18,"height":12,"pixelRatio":1,"sdf":false},"amenity area/picnic table":{"x":808,"y":386,"width":18,"height":12,"pixelRatio":1,"sdf":false},"shop area/ticket":{"x":826,"y":386,"width":18,"height":12,"pixelRatio":1,"sdf":false},"memorial area/plaque":{"x":844,"y":386,"width":16,"height":12,"pixelRatio":1,"sdf":false},"aerialway/chair lift, drag lift, t-bar, j-bar, platter, rope tow, zip line/0":{"x":860,"y":386,"width":6,"height":12,"pixelRatio":1,"sdf":false},"natural cliff/0":{"x":866,"y":386,"width":18,"height":12,"pixelRatio":1,"sdf":false},"entrance/no access":{"x":884,"y":386,"width":10,"height":10,"pixelRatio":1,"sdf":false},"amenity point/cross, wayside cross":{"x":894,"y":386,"width":8,"height":10,"pixelRatio":1,"sdf":false},"private access point/waste basket":{"x":902,"y":386,"width":8,"height":10,"pixelRatio":1,"sdf":false},"amenity point (low priority)/waste basket":{"x":910,"y":386,"width":8,"height":10,"pixelRatio":1,"sdf":false},"amenity point/volcano":{"x":918,"y":386,"width":10,"height":10,"pixelRatio":1,"sdf":false},"amenity point/peak":{"x":928,"y":386,"width":10,"height":10,"pixelRatio":1,"sdf":false},"amenity point/saddle":{"x":938,"y":386,"width":10,"height":10,"pixelRatio":1,"sdf":false},"amenity point (low priority)/railway crossing_1":{"x":948,"y":386,"width":10,"height":10,"pixelRatio":1,"sdf":false},"amenity point (low priority)/railway level crossing_1":{"x":948,"y":386,"width":10,"height":10,"pixelRatio":1,"sdf":false},"amenity point (low priority)/cattle grid":{"x":958,"y":386,"width":14,"height":10,"pixelRatio":1,"sdf":false},"amenity point/cave entrance":{"x":972,"y":386,"width":16,"height":10,"pixelRatio":1,"sdf":false},"shop point/bakery":{"x":988,"y":386,"width":16,"height":10,"pixelRatio":1,"sdf":false},"shop point/seafood":{"x":1004,"y":386,"width":16,"height":10,"pixelRatio":1,"sdf":false},"amenity point/bunker":{"x":1020,"y":386,"width":16,"height":10,"pixelRatio":1,"sdf":false},"amenity point/hotel":{"x":1036,"y":386,"width":16,"height":10,"pixelRatio":1,"sdf":false},"shop point/shoes":{"x":1052,"y":386,"width":18,"height":10,"pixelRatio":1,"sdf":false},"power tower":{"x":1070,"y":386,"width":10,"height":10,"pixelRatio":1,"sdf":false},"entrance/main (other access)":{"x":1080,"y":386,"width":10,"height":10,"pixelRatio":1,"sdf":false},"entrance/main (public access)":{"x":1090,"y":386,"width":10,"height":10,"pixelRatio":1,"sdf":false},"place (high importance)":{"x":1100,"y":386,"width":10,"height":10,"pixelRatio":1,"sdf":false},"amenity area (low priority)/cattle grid":{"x":1110,"y":386,"width":14,"height":10,"pixelRatio":1,"sdf":false},"shop area/bakery":{"x":1124,"y":386,"width":16,"height":10,"pixelRatio":1,"sdf":false},"shop area/seafood":{"x":1140,"y":386,"width":16,"height":10,"pixelRatio":1,"sdf":false},"amenity area/bunker":{"x":1156,"y":386,"width":16,"height":10,"pixelRatio":1,"sdf":false},"amenity area/hotel":{"x":1172,"y":386,"width":16,"height":10,"pixelRatio":1,"sdf":false},"shop area/shoes":{"x":1188,"y":386,"width":18,"height":10,"pixelRatio":1,"sdf":false},"railway/miniature/0":{"x":1206,"y":386,"width":6,"height":10,"pixelRatio":1,"sdf":false},"railway (bridge)/miniature/0":{"x":1212,"y":386,"width":6,"height":10,"pixelRatio":1,"sdf":false},"pipeline/other/0":{"x":1218,"y":386,"width":12,"height":10,"pixelRatio":1,"sdf":false},"pipeline/water/0":{"x":1218,"y":386,"width":12,"height":10,"pixelRatio":1,"sdf":false},"pipeline/oil/0":{"x":1218,"y":386,"width":12,"height":10,"pixelRatio":1,"sdf":false},"pipeline/gas/0":{"x":1218,"y":386,"width":12,"height":10,"pixelRatio":1,"sdf":false},"amenity point (low priority)/lift gate, swing gate":{"x":1230,"y":386,"width":10,"height":8,"pixelRatio":1,"sdf":false},"amenity point/bus stop_1":{"x":1240,"y":386,"width":8,"height":8,"pixelRatio":1,"sdf":false},"private access point/bench":{"x":1248,"y":386,"width":16,"height":8,"pixelRatio":1,"sdf":false},"amenity point (low priority)/bench":{"x":1264,"y":386,"width":16,"height":8,"pixelRatio":1,"sdf":false},"amenity area/office":{"x":1280,"y":386,"width":8,"height":8,"pixelRatio":1,"sdf":false},"amenity area (low priority)/lift gate, swing gate/1":{"x":1288,"y":386,"width":10,"height":8,"pixelRatio":1,"sdf":false},"station area/tram stop":{"x":1298,"y":386,"width":8,"height":8,"pixelRatio":1,"sdf":false},"station area/aerialway station, halt":{"x":1298,"y":386,"width":8,"height":8,"pixelRatio":1,"sdf":false},"shop point/other":{"x":1306,"y":386,"width":8,"height":8,"pixelRatio":1,"sdf":false},"embankment/0":{"x":1314,"y":386,"width":4,"height":8,"pixelRatio":1,"sdf":false},"station point/aerialway station, halt":{"x":1318,"y":386,"width":8,"height":8,"pixelRatio":1,"sdf":false},"station point/tram stop":{"x":1318,"y":386,"width":8,"height":8,"pixelRatio":1,"sdf":false},"amenity area/bus stop_1":{"x":1326,"y":386,"width":8,"height":8,"pixelRatio":1,"sdf":false},"amenity point/childcare":{"x":1334,"y":386,"width":8,"height":8,"pixelRatio":1,"sdf":false},"amenity point/driving school":{"x":1342,"y":386,"width":8,"height":8,"pixelRatio":1,"sdf":false},"amenity point/office":{"x":1350,"y":386,"width":8,"height":8,"pixelRatio":1,"sdf":false},"amenity point/health care":{"x":1358,"y":386,"width":8,"height":8,"pixelRatio":1,"sdf":false},"place (medium importance)":{"x":1366,"y":386,"width":8,"height":8,"pixelRatio":1,"sdf":false},"amenity point/pub_1":{"x":1374,"y":386,"width":8,"height":8,"pixelRatio":1,"sdf":false},"amenity point/cafe_1":{"x":1374,"y":386,"width":8,"height":8,"pixelRatio":1,"sdf":false},"amenity point/fast food_1":{"x":1374,"y":386,"width":8,"height":8,"pixelRatio":1,"sdf":false},"amenity point/restaurant_1":{"x":1374,"y":386,"width":8,"height":8,"pixelRatio":1,"sdf":false},"amenity point/biergarten_1":{"x":1374,"y":386,"width":8,"height":8,"pixelRatio":1,"sdf":false},"amenity point/ice cream_1":{"x":1374,"y":386,"width":8,"height":8,"pixelRatio":1,"sdf":false},"amenity point/bar_1":{"x":1374,"y":386,"width":8,"height":8,"pixelRatio":1,"sdf":false},"shop point/medical supply_1":{"x":1382,"y":386,"width":8,"height":8,"pixelRatio":1,"sdf":false},"shop point/laundry_1":{"x":1382,"y":386,"width":8,"height":8,"pixelRatio":1,"sdf":false},"shop point/kiosk_1":{"x":1382,"y":386,"width":8,"height":8,"pixelRatio":1,"sdf":false},"shop point/jewelry_1":{"x":1382,"y":386,"width":8,"height":8,"pixelRatio":1,"sdf":false},"shop point/hifi_1":{"x":1382,"y":386,"width":8,"height":8,"pixelRatio":1,"sdf":false},"shop point/hardware_1":{"x":1382,"y":386,"width":8,"height":8,"pixelRatio":1,"sdf":false},"shop point/hairdresser_1":{"x":1382,"y":386,"width":8,"height":8,"pixelRatio":1,"sdf":false},"shop point/gift_1":{"x":1382,"y":386,"width":8,"height":8,"pixelRatio":1,"sdf":false},"shop point/garden centre_1":{"x":1382,"y":386,"width":8,"height":8,"pixelRatio":1,"sdf":false},"shop point/tea_1":{"x":1382,"y":386,"width":8,"height":8,"pixelRatio":1,"sdf":false},"shop point/furniture_1":{"x":1382,"y":386,"width":8,"height":8,"pixelRatio":1,"sdf":false},"shop point/florist_1":{"x":1382,"y":386,"width":8,"height":8,"pixelRatio":1,"sdf":false},"shop point/farm_1":{"x":1382,"y":386,"width":8,"height":8,"pixelRatio":1,"sdf":false},"shop point/electronics_1":{"x":1382,"y":386,"width":8,"height":8,"pixelRatio":1,"sdf":false},"shop point/deli_1":{"x":1382,"y":386,"width":8,"height":8,"pixelRatio":1,"sdf":false},"shop point/dairy_1":{"x":1382,"y":386,"width":8,"height":8,"pixelRatio":1,"sdf":false},"shop point/cosmetics_1":{"x":1382,"y":386,"width":8,"height":8,"pixelRatio":1,"sdf":false},"shop point/outdoor_1":{"x":1382,"y":386,"width":8,"height":8,"pixelRatio":1,"sdf":false},"shop point/copyshop_1":{"x":1382,"y":386,"width":8,"height":8,"pixelRatio":1,"sdf":false},"shop point/convenience_1":{"x":1382,"y":386,"width":8,"height":8,"pixelRatio":1,"sdf":false},"shop point/confectionery_1":{"x":1382,"y":386,"width":8,"height":8,"pixelRatio":1,"sdf":false},"shop point/computer_1":{"x":1382,"y":386,"width":8,"height":8,"pixelRatio":1,"sdf":false},"shop point/coffee_1":{"x":1382,"y":386,"width":8,"height":8,"pixelRatio":1,"sdf":false},"shop point/chemist_1":{"x":1382,"y":386,"width":8,"height":8,"pixelRatio":1,"sdf":false},"shop point/car parts_1":{"x":1382,"y":386,"width":8,"height":8,"pixelRatio":1,"sdf":false},"shop point/car_1":{"x":1382,"y":386,"width":8,"height":8,"pixelRatio":1,"sdf":false},"shop point/butcher_1":{"x":1382,"y":386,"width":8,"height":8,"pixelRatio":1,"sdf":false},"shop point/books_1":{"x":1382,"y":386,"width":8,"height":8,"pixelRatio":1,"sdf":false},"shop point/bicycle_1":{"x":1382,"y":386,"width":8,"height":8,"pixelRatio":1,"sdf":false},"shop point/beverages_1":{"x":1382,"y":386,"width":8,"height":8,"pixelRatio":1,"sdf":false},"shop point/bed_1":{"x":1382,"y":386,"width":8,"height":8,"pixelRatio":1,"sdf":false},"shop point/beauty_1":{"x":1382,"y":386,"width":8,"height":8,"pixelRatio":1,"sdf":false},"shop point/bakery_1":{"x":1382,"y":386,"width":8,"height":8,"pixelRatio":1,"sdf":false},"shop point/bag_1":{"x":1382,"y":386,"width":8,"height":8,"pixelRatio":1,"sdf":false},"shop point/art_1":{"x":1382,"y":386,"width":8,"height":8,"pixelRatio":1,"sdf":false},"shop point/alcohol_1":{"x":1382,"y":386,"width":8,"height":8,"pixelRatio":1,"sdf":false},"shop point/stationery_1":{"x":1382,"y":386,"width":8,"height":8,"pixelRatio":1,"sdf":false},"shop point/other_1":{"x":1382,"y":386,"width":8,"height":8,"pixelRatio":1,"sdf":false},"shop point/optician_1":{"x":1382,"y":386,"width":8,"height":8,"pixelRatio":1,"sdf":false},"shop point/clothes_1":{"x":1382,"y":386,"width":8,"height":8,"pixelRatio":1,"sdf":false},"shop point/sports_1":{"x":1382,"y":386,"width":8,"height":8,"pixelRatio":1,"sdf":false},"shop point/musical instrument_1":{"x":1382,"y":386,"width":8,"height":8,"pixelRatio":1,"sdf":false},"shop point/music_1":{"x":1382,"y":386,"width":8,"height":8,"pixelRatio":1,"sdf":false},"shop point/motorcycle_1":{"x":1382,"y":386,"width":8,"height":8,"pixelRatio":1,"sdf":false},"shop point/shoes_1":{"x":1382,"y":386,"width":8,"height":8,"pixelRatio":1,"sdf":false},"shop point/seafood_1":{"x":1382,"y":386,"width":8,"height":8,"pixelRatio":1,"sdf":false},"shop point/photography_1":{"x":1382,"y":386,"width":8,"height":8,"pixelRatio":1,"sdf":false},"shop point/variety store_1":{"x":1382,"y":386,"width":8,"height":8,"pixelRatio":1,"sdf":false},"shop point/mobile phone_1":{"x":1382,"y":386,"width":8,"height":8,"pixelRatio":1,"sdf":false},"shop point/trade_1":{"x":1382,"y":386,"width":8,"height":8,"pixelRatio":1,"sdf":false},"shop point/bookmaker_1":{"x":1382,"y":386,"width":8,"height":8,"pixelRatio":1,"sdf":false},"shop point/paint_1":{"x":1382,"y":386,"width":8,"height":8,"pixelRatio":1,"sdf":false},"shop point/interior decoration_1":{"x":1382,"y":386,"width":8,"height":8,"pixelRatio":1,"sdf":false},"shop point/houseware_1":{"x":1382,"y":386,"width":8,"height":8,"pixelRatio":1,"sdf":false},"shop point/second hand_1":{"x":1382,"y":386,"width":8,"height":8,"pixelRatio":1,"sdf":false},"shop point/charity_1":{"x":1382,"y":386,"width":8,"height":8,"pixelRatio":1,"sdf":false},"shop point/ticket_1":{"x":1382,"y":386,"width":8,"height":8,"pixelRatio":1,"sdf":false},"shop point/video_1":{"x":1382,"y":386,"width":8,"height":8,"pixelRatio":1,"sdf":false},"shop point/video games_1":{"x":1382,"y":386,"width":8,"height":8,"pixelRatio":1,"sdf":false},"shop point/tyres_1":{"x":1382,"y":386,"width":8,"height":8,"pixelRatio":1,"sdf":false},"shop point/travel agency_1":{"x":1382,"y":386,"width":8,"height":8,"pixelRatio":1,"sdf":false},"shop point/toys_1":{"x":1382,"y":386,"width":8,"height":8,"pixelRatio":1,"sdf":false},"shop point/tobacco_1":{"x":1382,"y":386,"width":8,"height":8,"pixelRatio":1,"sdf":false},"shop point/pet_1":{"x":1382,"y":386,"width":8,"height":8,"pixelRatio":1,"sdf":false},"amenity point/health care_1":{"x":1390,"y":386,"width":8,"height":8,"pixelRatio":1,"sdf":false},"amenity point/doctor_1":{"x":1390,"y":386,"width":8,"height":8,"pixelRatio":1,"sdf":false},"amenity point/dentist_1":{"x":1390,"y":386,"width":8,"height":8,"pixelRatio":1,"sdf":false},"amenity area/cafe_1":{"x":1398,"y":386,"width":8,"height":8,"pixelRatio":1,"sdf":false},"amenity area/bar_1":{"x":1398,"y":386,"width":8,"height":8,"pixelRatio":1,"sdf":false},"amenity area/ice cream_1":{"x":1398,"y":386,"width":8,"height":8,"pixelRatio":1,"sdf":false},"amenity area/biergarten_1":{"x":1398,"y":386,"width":8,"height":8,"pixelRatio":1,"sdf":false},"amenity area/fast food_1":{"x":1398,"y":386,"width":8,"height":8,"pixelRatio":1,"sdf":false},"amenity area/restaurant_1":{"x":1398,"y":386,"width":8,"height":8,"pixelRatio":1,"sdf":false},"amenity area/pub_1":{"x":1398,"y":386,"width":8,"height":8,"pixelRatio":1,"sdf":false},"shop area/second hand_1":{"x":1406,"y":386,"width":8,"height":8,"pixelRatio":1,"sdf":false},"shop area/electronics_1":{"x":1406,"y":386,"width":8,"height":8,"pixelRatio":1,"sdf":false},"shop area/tyres_1":{"x":1406,"y":386,"width":8,"height":8,"pixelRatio":1,"sdf":false},"shop area/deli_1":{"x":1406,"y":386,"width":8,"height":8,"pixelRatio":1,"sdf":false},"shop area/video games_1":{"x":1406,"y":386,"width":8,"height":8,"pixelRatio":1,"sdf":false},"shop area/ticket_1":{"x":1406,"y":386,"width":8,"height":8,"pixelRatio":1,"sdf":false},"shop area/variety store_1":{"x":1406,"y":386,"width":8,"height":8,"pixelRatio":1,"sdf":false},"shop area/charity_1":{"x":1406,"y":386,"width":8,"height":8,"pixelRatio":1,"sdf":false},"shop area/seafood_1":{"x":1406,"y":386,"width":8,"height":8,"pixelRatio":1,"sdf":false},"shop area/shoes_1":{"x":1406,"y":386,"width":8,"height":8,"pixelRatio":1,"sdf":false},"shop area/dairy_1":{"x":1406,"y":386,"width":8,"height":8,"pixelRatio":1,"sdf":false},"shop area/trade_1":{"x":1406,"y":386,"width":8,"height":8,"pixelRatio":1,"sdf":false},"shop area/sports_1":{"x":1406,"y":386,"width":8,"height":8,"pixelRatio":1,"sdf":false},"shop area/bookmaker_1":{"x":1406,"y":386,"width":8,"height":8,"pixelRatio":1,"sdf":false},"shop area/copyshop_1":{"x":1406,"y":386,"width":8,"height":8,"pixelRatio":1,"sdf":false},"shop area/convenience_1":{"x":1406,"y":386,"width":8,"height":8,"pixelRatio":1,"sdf":false},"shop area/computer_1":{"x":1406,"y":386,"width":8,"height":8,"pixelRatio":1,"sdf":false},"shop area/coffee_1":{"x":1406,"y":386,"width":8,"height":8,"pixelRatio":1,"sdf":false},"shop area/confectionery_1":{"x":1406,"y":386,"width":8,"height":8,"pixelRatio":1,"sdf":false},"shop area/chemist_1":{"x":1406,"y":386,"width":8,"height":8,"pixelRatio":1,"sdf":false},"shop area/car parts_1":{"x":1406,"y":386,"width":8,"height":8,"pixelRatio":1,"sdf":false},"shop area/car_1":{"x":1406,"y":386,"width":8,"height":8,"pixelRatio":1,"sdf":false},"shop area/butcher_1":{"x":1406,"y":386,"width":8,"height":8,"pixelRatio":1,"sdf":false},"shop area/books_1":{"x":1406,"y":386,"width":8,"height":8,"pixelRatio":1,"sdf":false},"shop area/stationery_1":{"x":1406,"y":386,"width":8,"height":8,"pixelRatio":1,"sdf":false},"shop area/tea_1":{"x":1406,"y":386,"width":8,"height":8,"pixelRatio":1,"sdf":false},"shop area/paint_1":{"x":1406,"y":386,"width":8,"height":8,"pixelRatio":1,"sdf":false},"shop area/tobacco_1":{"x":1406,"y":386,"width":8,"height":8,"pixelRatio":1,"sdf":false},"shop area/interior decoration_1":{"x":1406,"y":386,"width":8,"height":8,"pixelRatio":1,"sdf":false},"shop area/bicycle_1":{"x":1406,"y":386,"width":8,"height":8,"pixelRatio":1,"sdf":false},"shop area/beverages_1":{"x":1406,"y":386,"width":8,"height":8,"pixelRatio":1,"sdf":false},"shop area/cosmetics_1":{"x":1406,"y":386,"width":8,"height":8,"pixelRatio":1,"sdf":false},"shop area/bed_1":{"x":1406,"y":386,"width":8,"height":8,"pixelRatio":1,"sdf":false},"shop area/other_1":{"x":1406,"y":386,"width":8,"height":8,"pixelRatio":1,"sdf":false},"shop area/beauty_1":{"x":1406,"y":386,"width":8,"height":8,"pixelRatio":1,"sdf":false},"shop area/bakery_1":{"x":1406,"y":386,"width":8,"height":8,"pixelRatio":1,"sdf":false},"shop area/toys_1":{"x":1406,"y":386,"width":8,"height":8,"pixelRatio":1,"sdf":false},"shop area/optician_1":{"x":1406,"y":386,"width":8,"height":8,"pixelRatio":1,"sdf":false},"shop area/video_1":{"x":1406,"y":386,"width":8,"height":8,"pixelRatio":1,"sdf":false},"shop area/kiosk_1":{"x":1406,"y":386,"width":8,"height":8,"pixelRatio":1,"sdf":false},"shop area/bag_1":{"x":1406,"y":386,"width":8,"height":8,"pixelRatio":1,"sdf":false},"shop area/musical instrument_1":{"x":1406,"y":386,"width":8,"height":8,"pixelRatio":1,"sdf":false},"shop area/music_1":{"x":1406,"y":386,"width":8,"height":8,"pixelRatio":1,"sdf":false},"shop area/motorcycle_1":{"x":1406,"y":386,"width":8,"height":8,"pixelRatio":1,"sdf":false},"shop area/art_1":{"x":1406,"y":386,"width":8,"height":8,"pixelRatio":1,"sdf":false},"shop area/mobile phone_1":{"x":1406,"y":386,"width":8,"height":8,"pixelRatio":1,"sdf":false},"shop area/medical supply_1":{"x":1406,"y":386,"width":8,"height":8,"pixelRatio":1,"sdf":false},"shop area/outdoor_1":{"x":1406,"y":386,"width":8,"height":8,"pixelRatio":1,"sdf":false},"shop area/laundry_1":{"x":1406,"y":386,"width":8,"height":8,"pixelRatio":1,"sdf":false},"shop area/pet_1":{"x":1406,"y":386,"width":8,"height":8,"pixelRatio":1,"sdf":false},"shop area/alcohol_1":{"x":1406,"y":386,"width":8,"height":8,"pixelRatio":1,"sdf":false},"shop area/jewelry_1":{"x":1406,"y":386,"width":8,"height":8,"pixelRatio":1,"sdf":false},"shop area/houseware_1":{"x":1406,"y":386,"width":8,"height":8,"pixelRatio":1,"sdf":false},"shop area/photography_1":{"x":1406,"y":386,"width":8,"height":8,"pixelRatio":1,"sdf":false},"shop area/hifi_1":{"x":1406,"y":386,"width":8,"height":8,"pixelRatio":1,"sdf":false},"shop area/hardware_1":{"x":1406,"y":386,"width":8,"height":8,"pixelRatio":1,"sdf":false},"shop area/hairdresser_1":{"x":1406,"y":386,"width":8,"height":8,"pixelRatio":1,"sdf":false},"shop area/farm_1":{"x":1406,"y":386,"width":8,"height":8,"pixelRatio":1,"sdf":false},"shop area/gift_1":{"x":1406,"y":386,"width":8,"height":8,"pixelRatio":1,"sdf":false},"shop area/travel agency_1":{"x":1406,"y":386,"width":8,"height":8,"pixelRatio":1,"sdf":false},"shop area/garden centre_1":{"x":1406,"y":386,"width":8,"height":8,"pixelRatio":1,"sdf":false},"shop area/furniture_1":{"x":1406,"y":386,"width":8,"height":8,"pixelRatio":1,"sdf":false},"shop area/florist_1":{"x":1406,"y":386,"width":8,"height":8,"pixelRatio":1,"sdf":false},"shop area/clothes_1":{"x":1406,"y":386,"width":8,"height":8,"pixelRatio":1,"sdf":false},"amenity area/health care_1":{"x":1414,"y":386,"width":8,"height":8,"pixelRatio":1,"sdf":false},"amenity area/doctor_1":{"x":1414,"y":386,"width":8,"height":8,"pixelRatio":1,"sdf":false},"amenity area/dentist_1":{"x":1414,"y":386,"width":8,"height":8,"pixelRatio":1,"sdf":false},"shop area/other":{"x":1422,"y":386,"width":8,"height":8,"pixelRatio":1,"sdf":false},"landcover/allotments":{"x":1430,"y":386,"width":8,"height":8,"pixelRatio":1,"sdf":false},"landcover/orchard":{"x":1438,"y":386,"width":8,"height":8,"pixelRatio":1,"sdf":false},"railway (tunnel)/disused":{"x":1446,"y":386,"width":6,"height":6,"pixelRatio":1,"sdf":false},"amenity point (low priority)/cycle barrier":{"x":1452,"y":386,"width":12,"height":6,"pixelRatio":1,"sdf":false},"aerialway/cable car, gondola, mixed lift/0":{"x":1464,"y":386,"width":6,"height":6,"pixelRatio":1,"sdf":false},"power pole":{"x":1470,"y":386,"width":6,"height":6,"pixelRatio":1,"sdf":false},"amenity point (low priority)/block, bollard, log":{"x":1476,"y":386,"width":8,"height":6,"pixelRatio":1,"sdf":false},"amenity area (low priority)/block, bollard, log":{"x":1476,"y":386,"width":8,"height":6,"pixelRatio":1,"sdf":false}}