{"Special area of interest/Rock or gravel":{"x":0,"y":0,"width":128,"height":128,"pixelRatio":2,"sdf":false},"Water area/Ice mass":{"x":128,"y":0,"width":128,"height":128,"pixelRatio":2,"sdf":false},"Water area/Swamp or marsh":{"x":256,"y":0,"width":128,"height":128,"pixelRatio":2,"sdf":false},"Water area/Playa":{"x":384,"y":0,"width":128,"height":128,"pixelRatio":2,"sdf":false},"Special area of interest/Groundcover":{"x":512,"y":0,"width":128,"height":128,"pixelRatio":2,"sdf":false},"Water area/Inundated area":{"x":640,"y":0,"width":128,"height":128,"pixelRatio":2,"sdf":false},"Special area of interest/Sand":{"x":768,"y":0,"width":128,"height":128,"pixelRatio":2,"sdf":false},"Water area/Lake or river intermittent":{"x":896,"y":0,"width":128,"height":128,"pixelRatio":2,"sdf":false},"Pavement marking/Two-way left turn":{"x":0,"y":128,"width":100,"height":80,"pixelRatio":2,"sdf":false},"Pavement marking/Left turn":{"x":100,"y":128,"width":72,"height":72,"pixelRatio":2,"sdf":false},"Pavement marking/Right turn":{"x":172,"y":128,"width":72,"height":72,"pixelRatio":2,"sdf":false},"Tree/Oak":{"x":244,"y":128,"width":64,"height":68,"pixelRatio":2,"sdf":false},"Pavement marking/Arrow":{"x":308,"y":128,"width":28,"height":64,"pixelRatio":2,"sdf":false},"Tree/Eucalyptus":{"x":336,"y":128,"width":60,"height":60,"pixelRatio":2,"sdf":false},"Road/Shield blue white/6":{"x":396,"y":128,"width":88,"height":56,"pixelRatio":2,"sdf":false},"Road/Shield white black (Alt)/6":{"x":396,"y":128,"width":88,"height":56,"pixelRatio":2,"sdf":false},"Road/Shield white black/6":{"x":396,"y":128,"width":88,"height":56,"pixelRatio":2,"sdf":false},"Road/Shield blue white (Alt)/6":{"x":396,"y":128,"width":88,"height":56,"pixelRatio":2,"sdf":false},"Road/Shield white black (Alt)/7":{"x":484,"y":128,"width":104,"height":56,"pixelRatio":2,"sdf":false},"Road/Shield white black/7":{"x":484,"y":128,"width":104,"height":56,"pixelRatio":2,"sdf":false},"Road/Shield blue white (Alt)/7":{"x":484,"y":128,"width":104,"height":56,"pixelRatio":2,"sdf":false},"Road/Shield blue white/7":{"x":484,"y":128,"width":104,"height":56,"pixelRatio":2,"sdf":false},"Road/Shield white black/3":{"x":588,"y":128,"width":48,"height":56,"pixelRatio":2,"sdf":false},"Road/Shield white black (Alt)/2":{"x":588,"y":128,"width":48,"height":56,"pixelRatio":2,"sdf":false},"Road/Shield white black (Alt)/3":{"x":588,"y":128,"width":48,"height":56,"pixelRatio":2,"sdf":false},"Road/Shield blue white/1":{"x":588,"y":128,"width":48,"height":56,"pixelRatio":2,"sdf":false},"Road/Shield blue white/2":{"x":588,"y":128,"width":48,"height":56,"pixelRatio":2,"sdf":false},"Road/Shield blue white/3":{"x":588,"y":128,"width":48,"height":56,"pixelRatio":2,"sdf":false},"Road/Shield blue white (Alt)/1":{"x":588,"y":128,"width":48,"height":56,"pixelRatio":2,"sdf":false},"Road/Shield blue white (Alt)/2":{"x":588,"y":128,"width":48,"height":56,"pixelRatio":2,"sdf":false},"Road/Shield blue white (Alt)/3":{"x":588,"y":128,"width":48,"height":56,"pixelRatio":2,"sdf":false},"Road/Shield white black/1":{"x":588,"y":128,"width":48,"height":56,"pixelRatio":2,"sdf":false},"Road/Shield white black/2":{"x":588,"y":128,"width":48,"height":56,"pixelRatio":2,"sdf":false},"Road/Shield white black (Alt)/1":{"x":588,"y":128,"width":48,"height":56,"pixelRatio":2,"sdf":false},"Road/Shield white black (Alt)/5":{"x":636,"y":128,"width":76,"height":56,"pixelRatio":2,"sdf":false},"Road/Shield blue white/5":{"x":636,"y":128,"width":76,"height":56,"pixelRatio":2,"sdf":false},"Road/Shield blue white (Alt)/5":{"x":636,"y":128,"width":76,"height":56,"pixelRatio":2,"sdf":false},"Road/Shield white black/5":{"x":636,"y":128,"width":76,"height":56,"pixelRatio":2,"sdf":false},"Road/Shield white black/4":{"x":712,"y":128,"width":60,"height":56,"pixelRatio":2,"sdf":false},"Road/Shield blue white (Alt)/4":{"x":712,"y":128,"width":60,"height":56,"pixelRatio":2,"sdf":false},"Road/Shield white black (Alt)/4":{"x":712,"y":128,"width":60,"height":56,"pixelRatio":2,"sdf":false},"Road/Shield blue white/4":{"x":712,"y":128,"width":60,"height":56,"pixelRatio":2,"sdf":false},"Tree/Maple":{"x":772,"y":128,"width":56,"height":56,"pixelRatio":2,"sdf":false},"Road/U-shaped green leaf/6":{"x":828,"y":128,"width":92,"height":52,"pixelRatio":2,"sdf":false},"Road/U-shaped green leaf (Alt)/6":{"x":828,"y":128,"width":92,"height":52,"pixelRatio":2,"sdf":false},"Road/U-shaped green leaf/7":{"x":920,"y":128,"width":108,"height":52,"pixelRatio":2,"sdf":false},"Road/U-shaped green leaf (Alt)/7":{"x":920,"y":128,"width":108,"height":52,"pixelRatio":2,"sdf":false},"Road/U-shaped green leaf/1":{"x":0,"y":208,"width":48,"height":52,"pixelRatio":2,"sdf":false},"Road/U-shaped green leaf (Alt)/2":{"x":0,"y":208,"width":48,"height":52,"pixelRatio":2,"sdf":false},"Road/U-shaped green leaf (Alt)/3":{"x":0,"y":208,"width":48,"height":52,"pixelRatio":2,"sdf":false},"Road/U-shaped green leaf/3":{"x":0,"y":208,"width":48,"height":52,"pixelRatio":2,"sdf":false},"Road/U-shaped green leaf/2":{"x":0,"y":208,"width":48,"height":52,"pixelRatio":2,"sdf":false},"Road/U-shaped green leaf (Alt)/1":{"x":0,"y":208,"width":48,"height":52,"pixelRatio":2,"sdf":false},"Road/U-shaped green leaf/5":{"x":48,"y":208,"width":80,"height":52,"pixelRatio":2,"sdf":false},"Road/U-shaped green leaf (Alt)/5":{"x":48,"y":208,"width":80,"height":52,"pixelRatio":2,"sdf":false},"Road/U-shaped green leaf/4":{"x":128,"y":208,"width":64,"height":52,"pixelRatio":2,"sdf":false},"Road/U-shaped green leaf (Alt)/4":{"x":128,"y":208,"width":64,"height":52,"pixelRatio":2,"sdf":false},"Tree/Elm":{"x":192,"y":208,"width":52,"height":52,"pixelRatio":2,"sdf":false},"Road/Octagon green white (Alt)/6":{"x":244,"y":208,"width":92,"height":48,"pixelRatio":2,"sdf":false},"Road/Octagon green white/6":{"x":244,"y":208,"width":92,"height":48,"pixelRatio":2,"sdf":false},"Road/Octagon green white/7":{"x":336,"y":208,"width":104,"height":48,"pixelRatio":2,"sdf":false},"Road/Octagon green white (Alt)/7":{"x":336,"y":208,"width":104,"height":48,"pixelRatio":2,"sdf":false},"Road/Octagon green white (Alt)/3":{"x":440,"y":208,"width":48,"height":48,"pixelRatio":2,"sdf":false},"Road/Octagon green white (Alt)/2":{"x":440,"y":208,"width":48,"height":48,"pixelRatio":2,"sdf":false},"Road/Octagon green white (Alt)/1":{"x":440,"y":208,"width":48,"height":48,"pixelRatio":2,"sdf":false},"Road/Octagon green white/1":{"x":440,"y":208,"width":48,"height":48,"pixelRatio":2,"sdf":false},"Road/Octagon green white/2":{"x":440,"y":208,"width":48,"height":48,"pixelRatio":2,"sdf":false},"Road/Octagon green white/3":{"x":440,"y":208,"width":48,"height":48,"pixelRatio":2,"sdf":false},"Road/Octagon green white (Alt)/5":{"x":488,"y":208,"width":76,"height":48,"pixelRatio":2,"sdf":false},"Road/Octagon green white/5":{"x":488,"y":208,"width":76,"height":48,"pixelRatio":2,"sdf":false},"Road/Octagon green white (Alt)/4":{"x":564,"y":208,"width":64,"height":48,"pixelRatio":2,"sdf":false},"Road/Octagon green white/4":{"x":564,"y":208,"width":64,"height":48,"pixelRatio":2,"sdf":false},"Pavement marking/Handicap":{"x":628,"y":208,"width":40,"height":48,"pixelRatio":2,"sdf":false},"Tree/Pine":{"x":668,"y":208,"width":48,"height":48,"pixelRatio":2,"sdf":false},"Pavement marking/U-turn":{"x":716,"y":208,"width":48,"height":48,"pixelRatio":2,"sdf":false},"Road/V-shaped white black/6":{"x":764,"y":208,"width":80,"height":44,"pixelRatio":2,"sdf":false},"Road/V-shaped white black (Alt)/6":{"x":764,"y":208,"width":80,"height":44,"pixelRatio":2,"sdf":false},"Road/V-shaped white black/7":{"x":844,"y":208,"width":92,"height":44,"pixelRatio":2,"sdf":false},"Road/V-shaped white black (Alt)/7":{"x":844,"y":208,"width":92,"height":44,"pixelRatio":2,"sdf":false},"Road/V-shaped white black (Alt)/3":{"x":0,"y":260,"width":44,"height":44,"pixelRatio":2,"sdf":false},"Road/V-shaped white black (Alt)/1":{"x":0,"y":260,"width":44,"height":44,"pixelRatio":2,"sdf":false},"Road/V-shaped white black/1":{"x":0,"y":260,"width":44,"height":44,"pixelRatio":2,"sdf":false},"Road/V-shaped white black/2":{"x":0,"y":260,"width":44,"height":44,"pixelRatio":2,"sdf":false},"Road/V-shaped white black (Alt)/2":{"x":0,"y":260,"width":44,"height":44,"pixelRatio":2,"sdf":false},"Road/V-shaped white black/3":{"x":0,"y":260,"width":44,"height":44,"pixelRatio":2,"sdf":false},"Road/V-shaped white black/5":{"x":44,"y":260,"width":68,"height":44,"pixelRatio":2,"sdf":false},"Road/V-shaped white black (Alt)/5":{"x":44,"y":260,"width":68,"height":44,"pixelRatio":2,"sdf":false},"Road/V-shaped white black/4":{"x":112,"y":260,"width":56,"height":44,"pixelRatio":2,"sdf":false},"Road/V-shaped white black (Alt)/4":{"x":112,"y":260,"width":56,"height":44,"pixelRatio":2,"sdf":false},"Road/U-shaped white black (Alt)/6":{"x":168,"y":260,"width":80,"height":44,"pixelRatio":2,"sdf":false},"Road/U-shaped red white/6":{"x":168,"y":260,"width":80,"height":44,"pixelRatio":2,"sdf":false},"Road/U-shaped white green/6":{"x":168,"y":260,"width":80,"height":44,"pixelRatio":2,"sdf":false},"Road/U-shaped white black/6":{"x":168,"y":260,"width":80,"height":44,"pixelRatio":2,"sdf":false},"Road/U-shaped white green (Alt)/6":{"x":168,"y":260,"width":80,"height":44,"pixelRatio":2,"sdf":false},"Road/U-shaped blue white/6":{"x":168,"y":260,"width":80,"height":44,"pixelRatio":2,"sdf":false},"Road/U-shaped red white (Alt)/6":{"x":168,"y":260,"width":80,"height":44,"pixelRatio":2,"sdf":false},"Road/U-shaped blue white (Alt)/6":{"x":168,"y":260,"width":80,"height":44,"pixelRatio":2,"sdf":false},"Road/U-shaped yellow black/6":{"x":168,"y":260,"width":80,"height":44,"pixelRatio":2,"sdf":false},"Road/U-shaped yellow black (Alt)/6":{"x":168,"y":260,"width":80,"height":44,"pixelRatio":2,"sdf":false},"Road/U-shaped red white/7":{"x":248,"y":260,"width":92,"height":44,"pixelRatio":2,"sdf":false},"Road/U-shaped white black (Alt)/7":{"x":248,"y":260,"width":92,"height":44,"pixelRatio":2,"sdf":false},"Road/U-shaped white black/7":{"x":248,"y":260,"width":92,"height":44,"pixelRatio":2,"sdf":false},"Road/U-shaped blue white/7":{"x":248,"y":260,"width":92,"height":44,"pixelRatio":2,"sdf":false},"Road/U-shaped white green (Alt)/7":{"x":248,"y":260,"width":92,"height":44,"pixelRatio":2,"sdf":false},"Road/U-shaped blue white (Alt)/7":{"x":248,"y":260,"width":92,"height":44,"pixelRatio":2,"sdf":false},"Road/U-shaped yellow black (Alt)/7":{"x":248,"y":260,"width":92,"height":44,"pixelRatio":2,"sdf":false},"Road/U-shaped yellow black/7":{"x":248,"y":260,"width":92,"height":44,"pixelRatio":2,"sdf":false},"Road/U-shaped white green/7":{"x":248,"y":260,"width":92,"height":44,"pixelRatio":2,"sdf":false},"Road/U-shaped red white (Alt)/7":{"x":248,"y":260,"width":92,"height":44,"pixelRatio":2,"sdf":false},"Road/U-shaped white green/1":{"x":340,"y":260,"width":44,"height":44,"pixelRatio":2,"sdf":false},"Road/U-shaped red white/3":{"x":340,"y":260,"width":44,"height":44,"pixelRatio":2,"sdf":false},"Road/U-shaped red white/2":{"x":340,"y":260,"width":44,"height":44,"pixelRatio":2,"sdf":false},"Road/U-shaped red white/1":{"x":340,"y":260,"width":44,"height":44,"pixelRatio":2,"sdf":false},"Road/U-shaped white green (Alt)/2":{"x":340,"y":260,"width":44,"height":44,"pixelRatio":2,"sdf":false},"Road/U-shaped red white (Alt)/3":{"x":340,"y":260,"width":44,"height":44,"pixelRatio":2,"sdf":false},"Road/U-shaped yellow black/1":{"x":340,"y":260,"width":44,"height":44,"pixelRatio":2,"sdf":false},"Road/U-shaped yellow black (Alt)/1":{"x":340,"y":260,"width":44,"height":44,"pixelRatio":2,"sdf":false},"Road/U-shaped yellow black (Alt)/2":{"x":340,"y":260,"width":44,"height":44,"pixelRatio":2,"sdf":false},"Road/U-shaped yellow black (Alt)/3":{"x":340,"y":260,"width":44,"height":44,"pixelRatio":2,"sdf":false},"Road/U-shaped white green/3":{"x":340,"y":260,"width":44,"height":44,"pixelRatio":2,"sdf":false},"Road/U-shaped white black/1":{"x":340,"y":260,"width":44,"height":44,"pixelRatio":2,"sdf":false},"Road/U-shaped white black/2":{"x":340,"y":260,"width":44,"height":44,"pixelRatio":2,"sdf":false},"Road/U-shaped white black/3":{"x":340,"y":260,"width":44,"height":44,"pixelRatio":2,"sdf":false},"Road/U-shaped white black (Alt)/1":{"x":340,"y":260,"width":44,"height":44,"pixelRatio":2,"sdf":false},"Road/U-shaped white black (Alt)/2":{"x":340,"y":260,"width":44,"height":44,"pixelRatio":2,"sdf":false},"Road/U-shaped white black (Alt)/3":{"x":340,"y":260,"width":44,"height":44,"pixelRatio":2,"sdf":false},"Road/U-shaped red white (Alt)/2":{"x":340,"y":260,"width":44,"height":44,"pixelRatio":2,"sdf":false},"Road/U-shaped blue white/1":{"x":340,"y":260,"width":44,"height":44,"pixelRatio":2,"sdf":false},"Road/U-shaped blue white/2":{"x":340,"y":260,"width":44,"height":44,"pixelRatio":2,"sdf":false},"Road/U-shaped blue white/3":{"x":340,"y":260,"width":44,"height":44,"pixelRatio":2,"sdf":false},"Road/U-shaped blue white (Alt)/1":{"x":340,"y":260,"width":44,"height":44,"pixelRatio":2,"sdf":false},"Road/U-shaped blue white (Alt)/2":{"x":340,"y":260,"width":44,"height":44,"pixelRatio":2,"sdf":false},"Road/U-shaped blue white (Alt)/3":{"x":340,"y":260,"width":44,"height":44,"pixelRatio":2,"sdf":false},"Road/U-shaped white green (Alt)/1":{"x":340,"y":260,"width":44,"height":44,"pixelRatio":2,"sdf":false},"Road/U-shaped white green (Alt)/3":{"x":340,"y":260,"width":44,"height":44,"pixelRatio":2,"sdf":false},"Road/U-shaped yellow black/2":{"x":340,"y":260,"width":44,"height":44,"pixelRatio":2,"sdf":false},"Road/U-shaped yellow black/3":{"x":340,"y":260,"width":44,"height":44,"pixelRatio":2,"sdf":false},"Road/U-shaped white green/2":{"x":340,"y":260,"width":44,"height":44,"pixelRatio":2,"sdf":false},"Road/U-shaped red white (Alt)/1":{"x":340,"y":260,"width":44,"height":44,"pixelRatio":2,"sdf":false},"Road/U-shaped blue white/5":{"x":384,"y":260,"width":68,"height":44,"pixelRatio":2,"sdf":false},"Road/U-shaped red white (Alt)/5":{"x":384,"y":260,"width":68,"height":44,"pixelRatio":2,"sdf":false},"Road/U-shaped blue white (Alt)/5":{"x":384,"y":260,"width":68,"height":44,"pixelRatio":2,"sdf":false},"Road/U-shaped white black (Alt)/5":{"x":384,"y":260,"width":68,"height":44,"pixelRatio":2,"sdf":false},"Road/U-shaped red white/5":{"x":384,"y":260,"width":68,"height":44,"pixelRatio":2,"sdf":false},"Road/U-shaped yellow black/5":{"x":384,"y":260,"width":68,"height":44,"pixelRatio":2,"sdf":false},"Road/U-shaped white green (Alt)/5":{"x":384,"y":260,"width":68,"height":44,"pixelRatio":2,"sdf":false},"Road/U-shaped yellow black (Alt)/5":{"x":384,"y":260,"width":68,"height":44,"pixelRatio":2,"sdf":false},"Road/U-shaped white green/5":{"x":384,"y":260,"width":68,"height":44,"pixelRatio":2,"sdf":false},"Road/U-shaped white black/5":{"x":384,"y":260,"width":68,"height":44,"pixelRatio":2,"sdf":false},"Road/U-shaped red white/4":{"x":452,"y":260,"width":56,"height":44,"pixelRatio":2,"sdf":false},"Road/U-shaped white black/4":{"x":452,"y":260,"width":56,"height":44,"pixelRatio":2,"sdf":false},"Road/U-shaped blue white (Alt)/4":{"x":452,"y":260,"width":56,"height":44,"pixelRatio":2,"sdf":false},"Road/U-shaped yellow black/4":{"x":452,"y":260,"width":56,"height":44,"pixelRatio":2,"sdf":false},"Road/U-shaped white black (Alt)/4":{"x":452,"y":260,"width":56,"height":44,"pixelRatio":2,"sdf":false},"Road/U-shaped white green/4":{"x":452,"y":260,"width":56,"height":44,"pixelRatio":2,"sdf":false},"Road/U-shaped red white (Alt)/4":{"x":452,"y":260,"width":56,"height":44,"pixelRatio":2,"sdf":false},"Road/U-shaped blue white/4":{"x":452,"y":260,"width":56,"height":44,"pixelRatio":2,"sdf":false},"Road/U-shaped yellow black (Alt)/4":{"x":452,"y":260,"width":56,"height":44,"pixelRatio":2,"sdf":false},"Road/U-shaped white green (Alt)/4":{"x":452,"y":260,"width":56,"height":44,"pixelRatio":2,"sdf":false},"Road/Secondary Hwy green white (Alt)/6":{"x":508,"y":260,"width":88,"height":44,"pixelRatio":2,"sdf":false},"Road/Secondary Hwy white black (Alt)/6":{"x":508,"y":260,"width":88,"height":44,"pixelRatio":2,"sdf":false},"Road/Secondary Hwy red white/6":{"x":508,"y":260,"width":88,"height":44,"pixelRatio":2,"sdf":false},"Road/Secondary Hwy green white/6":{"x":508,"y":260,"width":88,"height":44,"pixelRatio":2,"sdf":false},"Road/Secondary Hwy red white (Alt)/6":{"x":508,"y":260,"width":88,"height":44,"pixelRatio":2,"sdf":false},"Road/Secondary Hwy white black/6":{"x":508,"y":260,"width":88,"height":44,"pixelRatio":2,"sdf":false},"Road/Secondary Hwy green white (Alt)/7":{"x":596,"y":260,"width":100,"height":44,"pixelRatio":2,"sdf":false},"Road/Secondary Hwy white black (Alt)/7":{"x":596,"y":260,"width":100,"height":44,"pixelRatio":2,"sdf":false},"Road/Secondary Hwy red white (Alt)/7":{"x":596,"y":260,"width":100,"height":44,"pixelRatio":2,"sdf":false},"Road/Secondary Hwy white black/7":{"x":596,"y":260,"width":100,"height":44,"pixelRatio":2,"sdf":false},"Road/Secondary Hwy green white/7":{"x":596,"y":260,"width":100,"height":44,"pixelRatio":2,"sdf":false},"Road/Secondary Hwy red white/7":{"x":596,"y":260,"width":100,"height":44,"pixelRatio":2,"sdf":false},"Road/Secondary Hwy red white/2":{"x":696,"y":260,"width":48,"height":44,"pixelRatio":2,"sdf":false},"Road/Secondary Hwy red white/3":{"x":696,"y":260,"width":48,"height":44,"pixelRatio":2,"sdf":false},"Road/Secondary Hwy red white (Alt)/1":{"x":696,"y":260,"width":48,"height":44,"pixelRatio":2,"sdf":false},"Road/Secondary Hwy red white (Alt)/2":{"x":696,"y":260,"width":48,"height":44,"pixelRatio":2,"sdf":false},"Road/Secondary Hwy red white (Alt)/3":{"x":696,"y":260,"width":48,"height":44,"pixelRatio":2,"sdf":false},"Road/Secondary Hwy white black/3":{"x":696,"y":260,"width":48,"height":44,"pixelRatio":2,"sdf":false},"Road/Secondary Hwy white black/2":{"x":696,"y":260,"width":48,"height":44,"pixelRatio":2,"sdf":false},"Road/Secondary Hwy white black (Alt)/1":{"x":696,"y":260,"width":48,"height":44,"pixelRatio":2,"sdf":false},"Road/Secondary Hwy white black (Alt)/2":{"x":696,"y":260,"width":48,"height":44,"pixelRatio":2,"sdf":false},"Road/Secondary Hwy white black (Alt)/3":{"x":696,"y":260,"width":48,"height":44,"pixelRatio":2,"sdf":false},"Road/Secondary Hwy green white/1":{"x":696,"y":260,"width":48,"height":44,"pixelRatio":2,"sdf":false},"Road/Secondary Hwy green white/2":{"x":696,"y":260,"width":48,"height":44,"pixelRatio":2,"sdf":false},"Road/Secondary Hwy green white/3":{"x":696,"y":260,"width":48,"height":44,"pixelRatio":2,"sdf":false},"Road/Secondary Hwy green white (Alt)/1":{"x":696,"y":260,"width":48,"height":44,"pixelRatio":2,"sdf":false},"Road/Secondary Hwy green white (Alt)/2":{"x":696,"y":260,"width":48,"height":44,"pixelRatio":2,"sdf":false},"Road/Secondary Hwy green white (Alt)/3":{"x":696,"y":260,"width":48,"height":44,"pixelRatio":2,"sdf":false},"Road/Secondary Hwy red white/1":{"x":696,"y":260,"width":48,"height":44,"pixelRatio":2,"sdf":false},"Road/Secondary Hwy white black/1":{"x":696,"y":260,"width":48,"height":44,"pixelRatio":2,"sdf":false},"Road/Secondary Hwy red white (Alt)/5":{"x":744,"y":260,"width":76,"height":44,"pixelRatio":2,"sdf":false},"Road/Secondary Hwy white black (Alt)/5":{"x":744,"y":260,"width":76,"height":44,"pixelRatio":2,"sdf":false},"Road/Secondary Hwy green white/5":{"x":744,"y":260,"width":76,"height":44,"pixelRatio":2,"sdf":false},"Road/Secondary Hwy red white/5":{"x":744,"y":260,"width":76,"height":44,"pixelRatio":2,"sdf":false},"Road/Secondary Hwy green white (Alt)/5":{"x":744,"y":260,"width":76,"height":44,"pixelRatio":2,"sdf":false},"Road/Secondary Hwy white black/5":{"x":744,"y":260,"width":76,"height":44,"pixelRatio":2,"sdf":false},"Road/Secondary Hwy white black/4":{"x":820,"y":260,"width":60,"height":44,"pixelRatio":2,"sdf":false},"Road/Secondary Hwy white black (Alt)/4":{"x":820,"y":260,"width":60,"height":44,"pixelRatio":2,"sdf":false},"Road/Secondary Hwy green white/4":{"x":820,"y":260,"width":60,"height":44,"pixelRatio":2,"sdf":false},"Road/Secondary Hwy green white (Alt)/4":{"x":820,"y":260,"width":60,"height":44,"pixelRatio":2,"sdf":false},"Road/Secondary Hwy red white/4":{"x":820,"y":260,"width":60,"height":44,"pixelRatio":2,"sdf":false},"Road/Secondary Hwy red white (Alt)/4":{"x":820,"y":260,"width":60,"height":44,"pixelRatio":2,"sdf":false},"Point of interest/Rail station":{"x":880,"y":260,"width":44,"height":44,"pixelRatio":2,"sdf":false},"Point of interest/Bus station":{"x":924,"y":260,"width":44,"height":44,"pixelRatio":2,"sdf":false},"Tree/Orange":{"x":0,"y":304,"width":44,"height":44,"pixelRatio":2,"sdf":false},"Road/Hexagon white black/6":{"x":44,"y":304,"width":104,"height":40,"pixelRatio":2,"sdf":false},"Road/Hexagon white black (Alt)/6":{"x":44,"y":304,"width":104,"height":40,"pixelRatio":2,"sdf":false},"Road/Hexagon white black/7":{"x":148,"y":304,"width":120,"height":40,"pixelRatio":2,"sdf":false},"Road/Hexagon white black (Alt)/7":{"x":148,"y":304,"width":120,"height":40,"pixelRatio":2,"sdf":false},"Road/Hexagon white black/1":{"x":268,"y":304,"width":56,"height":40,"pixelRatio":2,"sdf":false},"Road/Hexagon white black/2":{"x":268,"y":304,"width":56,"height":40,"pixelRatio":2,"sdf":false},"Road/Hexagon white black/3":{"x":268,"y":304,"width":56,"height":40,"pixelRatio":2,"sdf":false},"Road/Hexagon white black (Alt)/1":{"x":268,"y":304,"width":56,"height":40,"pixelRatio":2,"sdf":false},"Road/Hexagon white black (Alt)/2":{"x":268,"y":304,"width":56,"height":40,"pixelRatio":2,"sdf":false},"Road/Hexagon white black (Alt)/3":{"x":268,"y":304,"width":56,"height":40,"pixelRatio":2,"sdf":false},"Road/Hexagon white black/5":{"x":324,"y":304,"width":88,"height":40,"pixelRatio":2,"sdf":false},"Road/Hexagon white black (Alt)/5":{"x":324,"y":304,"width":88,"height":40,"pixelRatio":2,"sdf":false},"Road/Hexagon white black (Alt)/4":{"x":412,"y":304,"width":72,"height":40,"pixelRatio":2,"sdf":false},"Road/Hexagon white black/4":{"x":412,"y":304,"width":72,"height":40,"pixelRatio":2,"sdf":false},"Road/Pentagon green yellow (Alt)/6":{"x":484,"y":304,"width":80,"height":40,"pixelRatio":2,"sdf":false},"Road/Pentagon white black (Alt)/6":{"x":484,"y":304,"width":80,"height":40,"pixelRatio":2,"sdf":false},"Road/Pentagon green yellow/6":{"x":484,"y":304,"width":80,"height":40,"pixelRatio":2,"sdf":false},"Road/Pentagon blue white (Alt)/6":{"x":484,"y":304,"width":80,"height":40,"pixelRatio":2,"sdf":false},"Road/Pentagon green white/6":{"x":484,"y":304,"width":80,"height":40,"pixelRatio":2,"sdf":false},"Road/Pentagon blue white/6":{"x":484,"y":304,"width":80,"height":40,"pixelRatio":2,"sdf":false},"Road/Pentagon green white (Alt)/6":{"x":484,"y":304,"width":80,"height":40,"pixelRatio":2,"sdf":false},"Road/Pentagon white black/6":{"x":484,"y":304,"width":80,"height":40,"pixelRatio":2,"sdf":false},"Road/Pentagon yellow black (Alt)/6":{"x":484,"y":304,"width":80,"height":40,"pixelRatio":2,"sdf":false},"Road/Pentagon yellow black/6":{"x":484,"y":304,"width":80,"height":40,"pixelRatio":2,"sdf":false},"Road/Pentagon white black/7":{"x":564,"y":304,"width":92,"height":40,"pixelRatio":2,"sdf":false},"Road/Pentagon green yellow (Alt)/7":{"x":564,"y":304,"width":92,"height":40,"pixelRatio":2,"sdf":false},"Road/Pentagon green white (Alt)/7":{"x":564,"y":304,"width":92,"height":40,"pixelRatio":2,"sdf":false},"Road/Pentagon green white/7":{"x":564,"y":304,"width":92,"height":40,"pixelRatio":2,"sdf":false},"Road/Pentagon yellow black (Alt)/7":{"x":564,"y":304,"width":92,"height":40,"pixelRatio":2,"sdf":false},"Road/Pentagon yellow black/7":{"x":564,"y":304,"width":92,"height":40,"pixelRatio":2,"sdf":false},"Road/Pentagon blue white (Alt)/7":{"x":564,"y":304,"width":92,"height":40,"pixelRatio":2,"sdf":false},"Road/Pentagon green yellow/7":{"x":564,"y":304,"width":92,"height":40,"pixelRatio":2,"sdf":false},"Road/Pentagon blue white/7":{"x":564,"y":304,"width":92,"height":40,"pixelRatio":2,"sdf":false},"Road/Pentagon white black (Alt)/7":{"x":564,"y":304,"width":92,"height":40,"pixelRatio":2,"sdf":false},"Road/Pentagon green white/2":{"x":656,"y":304,"width":44,"height":40,"pixelRatio":2,"sdf":false},"Road/Pentagon green yellow (Alt)/3":{"x":656,"y":304,"width":44,"height":40,"pixelRatio":2,"sdf":false},"Road/Pentagon yellow black (Alt)/2":{"x":656,"y":304,"width":44,"height":40,"pixelRatio":2,"sdf":false},"Road/Pentagon green yellow/2":{"x":656,"y":304,"width":44,"height":40,"pixelRatio":2,"sdf":false},"Road/Pentagon blue white (Alt)/3":{"x":656,"y":304,"width":44,"height":40,"pixelRatio":2,"sdf":false},"Road/Pentagon green yellow/3":{"x":656,"y":304,"width":44,"height":40,"pixelRatio":2,"sdf":false},"Road/Pentagon blue white (Alt)/1":{"x":656,"y":304,"width":44,"height":40,"pixelRatio":2,"sdf":false},"Road/Pentagon yellow black/3":{"x":656,"y":304,"width":44,"height":40,"pixelRatio":2,"sdf":false},"Road/Pentagon yellow black (Alt)/3":{"x":656,"y":304,"width":44,"height":40,"pixelRatio":2,"sdf":false},"Road/Pentagon yellow black (Alt)/1":{"x":656,"y":304,"width":44,"height":40,"pixelRatio":2,"sdf":false},"Road/Pentagon blue white/3":{"x":656,"y":304,"width":44,"height":40,"pixelRatio":2,"sdf":false},"Road/Pentagon blue white/2":{"x":656,"y":304,"width":44,"height":40,"pixelRatio":2,"sdf":false},"Road/Pentagon blue white/1":{"x":656,"y":304,"width":44,"height":40,"pixelRatio":2,"sdf":false},"Road/Pentagon yellow black/2":{"x":656,"y":304,"width":44,"height":40,"pixelRatio":2,"sdf":false},"Road/Pentagon green yellow (Alt)/1":{"x":656,"y":304,"width":44,"height":40,"pixelRatio":2,"sdf":false},"Road/Pentagon green yellow (Alt)/2":{"x":656,"y":304,"width":44,"height":40,"pixelRatio":2,"sdf":false},"Road/Pentagon white black (Alt)/3":{"x":656,"y":304,"width":44,"height":40,"pixelRatio":2,"sdf":false},"Road/Pentagon green white/1":{"x":656,"y":304,"width":44,"height":40,"pixelRatio":2,"sdf":false},"Road/Pentagon white black (Alt)/1":{"x":656,"y":304,"width":44,"height":40,"pixelRatio":2,"sdf":false},"Road/Pentagon yellow black/1":{"x":656,"y":304,"width":44,"height":40,"pixelRatio":2,"sdf":false},"Road/Pentagon blue white (Alt)/2":{"x":656,"y":304,"width":44,"height":40,"pixelRatio":2,"sdf":false},"Road/Pentagon white black/3":{"x":656,"y":304,"width":44,"height":40,"pixelRatio":2,"sdf":false},"Road/Pentagon white black/2":{"x":656,"y":304,"width":44,"height":40,"pixelRatio":2,"sdf":false},"Road/Pentagon white black/1":{"x":656,"y":304,"width":44,"height":40,"pixelRatio":2,"sdf":false},"Road/Pentagon green white/3":{"x":656,"y":304,"width":44,"height":40,"pixelRatio":2,"sdf":false},"Road/Pentagon green white (Alt)/1":{"x":656,"y":304,"width":44,"height":40,"pixelRatio":2,"sdf":false},"Road/Pentagon white black (Alt)/2":{"x":656,"y":304,"width":44,"height":40,"pixelRatio":2,"sdf":false},"Road/Pentagon green white (Alt)/2":{"x":656,"y":304,"width":44,"height":40,"pixelRatio":2,"sdf":false},"Road/Pentagon green white (Alt)/3":{"x":656,"y":304,"width":44,"height":40,"pixelRatio":2,"sdf":false},"Road/Pentagon green yellow/1":{"x":656,"y":304,"width":44,"height":40,"pixelRatio":2,"sdf":false},"Road/Pentagon blue white (Alt)/5":{"x":700,"y":304,"width":68,"height":40,"pixelRatio":2,"sdf":false},"Road/Pentagon yellow black/5":{"x":700,"y":304,"width":68,"height":40,"pixelRatio":2,"sdf":false},"Road/Pentagon blue white/5":{"x":700,"y":304,"width":68,"height":40,"pixelRatio":2,"sdf":false},"Road/Pentagon yellow black (Alt)/5":{"x":700,"y":304,"width":68,"height":40,"pixelRatio":2,"sdf":false},"Road/Pentagon white black (Alt)/5":{"x":700,"y":304,"width":68,"height":40,"pixelRatio":2,"sdf":false},"Road/Pentagon green yellow/5":{"x":700,"y":304,"width":68,"height":40,"pixelRatio":2,"sdf":false},"Road/Pentagon white black/5":{"x":700,"y":304,"width":68,"height":40,"pixelRatio":2,"sdf":false},"Road/Pentagon green white/5":{"x":700,"y":304,"width":68,"height":40,"pixelRatio":2,"sdf":false},"Road/Pentagon green white (Alt)/5":{"x":700,"y":304,"width":68,"height":40,"pixelRatio":2,"sdf":false},"Road/Pentagon green yellow (Alt)/5":{"x":700,"y":304,"width":68,"height":40,"pixelRatio":2,"sdf":false},"Road/Pentagon yellow black (Alt)/4":{"x":768,"y":304,"width":56,"height":40,"pixelRatio":2,"sdf":false},"Road/Pentagon green white/4":{"x":768,"y":304,"width":56,"height":40,"pixelRatio":2,"sdf":false},"Road/Pentagon green white (Alt)/4":{"x":768,"y":304,"width":56,"height":40,"pixelRatio":2,"sdf":false},"Road/Pentagon green yellow/4":{"x":768,"y":304,"width":56,"height":40,"pixelRatio":2,"sdf":false},"Road/Pentagon green yellow (Alt)/4":{"x":768,"y":304,"width":56,"height":40,"pixelRatio":2,"sdf":false},"Road/Pentagon blue white (Alt)/4":{"x":768,"y":304,"width":56,"height":40,"pixelRatio":2,"sdf":false},"Road/Pentagon white black/4":{"x":768,"y":304,"width":56,"height":40,"pixelRatio":2,"sdf":false},"Road/Pentagon white black (Alt)/4":{"x":768,"y":304,"width":56,"height":40,"pixelRatio":2,"sdf":false},"Road/Pentagon blue white/4":{"x":768,"y":304,"width":56,"height":40,"pixelRatio":2,"sdf":false},"Road/Pentagon yellow black/4":{"x":768,"y":304,"width":56,"height":40,"pixelRatio":2,"sdf":false},"Road/Pentagon inverse white black/6":{"x":824,"y":304,"width":80,"height":40,"pixelRatio":2,"sdf":false},"Road/Pentagon inverse white black (Alt)/6":{"x":824,"y":304,"width":80,"height":40,"pixelRatio":2,"sdf":false},"Road/Pentagon inverse white black/7":{"x":904,"y":304,"width":92,"height":40,"pixelRatio":2,"sdf":false},"Road/Pentagon inverse white black (Alt)/7":{"x":904,"y":304,"width":92,"height":40,"pixelRatio":2,"sdf":false},"Road/Pentagon inverse white black/1":{"x":0,"y":348,"width":44,"height":40,"pixelRatio":2,"sdf":false},"Road/Pentagon inverse white black/2":{"x":0,"y":348,"width":44,"height":40,"pixelRatio":2,"sdf":false},"Road/Pentagon inverse white black/3":{"x":0,"y":348,"width":44,"height":40,"pixelRatio":2,"sdf":false},"Road/Pentagon inverse white black (Alt)/1":{"x":0,"y":348,"width":44,"height":40,"pixelRatio":2,"sdf":false},"Road/Pentagon inverse white black (Alt)/2":{"x":0,"y":348,"width":44,"height":40,"pixelRatio":2,"sdf":false},"Road/Pentagon inverse white black (Alt)/3":{"x":0,"y":348,"width":44,"height":40,"pixelRatio":2,"sdf":false},"Road/Pentagon inverse white black/5":{"x":44,"y":348,"width":68,"height":40,"pixelRatio":2,"sdf":false},"Road/Pentagon inverse white black (Alt)/5":{"x":44,"y":348,"width":68,"height":40,"pixelRatio":2,"sdf":false},"Road/Pentagon inverse white black/4":{"x":112,"y":348,"width":56,"height":40,"pixelRatio":2,"sdf":false},"Road/Pentagon inverse white black (Alt)/4":{"x":112,"y":348,"width":56,"height":40,"pixelRatio":2,"sdf":false},"Tree/Palm":{"x":168,"y":348,"width":48,"height":40,"pixelRatio":2,"sdf":false},"Road/Hexagon green white/6":{"x":216,"y":348,"width":100,"height":36,"pixelRatio":2,"sdf":false},"Road/Hexagon blue white (Alt)/6":{"x":216,"y":348,"width":100,"height":36,"pixelRatio":2,"sdf":false},"Road/Hexagon green white (Alt)/6":{"x":216,"y":348,"width":100,"height":36,"pixelRatio":2,"sdf":false},"Road/Hexagon orange black/6":{"x":216,"y":348,"width":100,"height":36,"pixelRatio":2,"sdf":false},"Road/Hexagon orange black (Alt)/6":{"x":216,"y":348,"width":100,"height":36,"pixelRatio":2,"sdf":false},"Road/Hexagon blue white/6":{"x":216,"y":348,"width":100,"height":36,"pixelRatio":2,"sdf":false},"Road/Hexagon red white (Alt)/6":{"x":216,"y":348,"width":100,"height":36,"pixelRatio":2,"sdf":false},"Road/Hexagon red white/6":{"x":216,"y":348,"width":100,"height":36,"pixelRatio":2,"sdf":false},"Road/Hexagon red white/7":{"x":316,"y":348,"width":116,"height":36,"pixelRatio":2,"sdf":false},"Road/Hexagon blue white (Alt)/7":{"x":316,"y":348,"width":116,"height":36,"pixelRatio":2,"sdf":false},"Road/Hexagon orange black (Alt)/7":{"x":316,"y":348,"width":116,"height":36,"pixelRatio":2,"sdf":false},"Road/Hexagon green white (Alt)/7":{"x":316,"y":348,"width":116,"height":36,"pixelRatio":2,"sdf":false},"Road/Hexagon green white/7":{"x":316,"y":348,"width":116,"height":36,"pixelRatio":2,"sdf":false},"Road/Hexagon red white (Alt)/7":{"x":316,"y":348,"width":116,"height":36,"pixelRatio":2,"sdf":false},"Road/Hexagon orange black/7":{"x":316,"y":348,"width":116,"height":36,"pixelRatio":2,"sdf":false},"Road/Hexagon blue white/7":{"x":316,"y":348,"width":116,"height":36,"pixelRatio":2,"sdf":false},"Road/Hexagon orange black/3":{"x":432,"y":348,"width":52,"height":36,"pixelRatio":2,"sdf":false},"Road/Hexagon green white (Alt)/1":{"x":432,"y":348,"width":52,"height":36,"pixelRatio":2,"sdf":false},"Road/Hexagon red white (Alt)/3":{"x":432,"y":348,"width":52,"height":36,"pixelRatio":2,"sdf":false},"Road/Hexagon red white (Alt)/2":{"x":432,"y":348,"width":52,"height":36,"pixelRatio":2,"sdf":false},"Road/Hexagon red white (Alt)/1":{"x":432,"y":348,"width":52,"height":36,"pixelRatio":2,"sdf":false},"Road/Hexagon orange black (Alt)/1":{"x":432,"y":348,"width":52,"height":36,"pixelRatio":2,"sdf":false},"Road/Hexagon orange black (Alt)/3":{"x":432,"y":348,"width":52,"height":36,"pixelRatio":2,"sdf":false},"Road/Hexagon red white/1":{"x":432,"y":348,"width":52,"height":36,"pixelRatio":2,"sdf":false},"Road/Hexagon blue white (Alt)/2":{"x":432,"y":348,"width":52,"height":36,"pixelRatio":2,"sdf":false},"Road/Hexagon blue white (Alt)/1":{"x":432,"y":348,"width":52,"height":36,"pixelRatio":2,"sdf":false},"Road/Hexagon red white/2":{"x":432,"y":348,"width":52,"height":36,"pixelRatio":2,"sdf":false},"Road/Hexagon red white/3":{"x":432,"y":348,"width":52,"height":36,"pixelRatio":2,"sdf":false},"Road/Hexagon orange black/2":{"x":432,"y":348,"width":52,"height":36,"pixelRatio":2,"sdf":false},"Road/Hexagon orange black/1":{"x":432,"y":348,"width":52,"height":36,"pixelRatio":2,"sdf":false},"Road/Hexagon orange black (Alt)/2":{"x":432,"y":348,"width":52,"height":36,"pixelRatio":2,"sdf":false},"Road/Hexagon green white (Alt)/3":{"x":432,"y":348,"width":52,"height":36,"pixelRatio":2,"sdf":false},"Road/Hexagon green white (Alt)/2":{"x":432,"y":348,"width":52,"height":36,"pixelRatio":2,"sdf":false},"Road/Hexagon blue white (Alt)/3":{"x":432,"y":348,"width":52,"height":36,"pixelRatio":2,"sdf":false},"Road/Hexagon blue white/3":{"x":432,"y":348,"width":52,"height":36,"pixelRatio":2,"sdf":false},"Road/Hexagon green white/3":{"x":432,"y":348,"width":52,"height":36,"pixelRatio":2,"sdf":false},"Road/Hexagon blue white/2":{"x":432,"y":348,"width":52,"height":36,"pixelRatio":2,"sdf":false},"Road/Hexagon green white/2":{"x":432,"y":348,"width":52,"height":36,"pixelRatio":2,"sdf":false},"Road/Hexagon green white/1":{"x":432,"y":348,"width":52,"height":36,"pixelRatio":2,"sdf":false},"Road/Hexagon blue white/1":{"x":432,"y":348,"width":52,"height":36,"pixelRatio":2,"sdf":false},"Road/Hexagon orange black/5":{"x":484,"y":348,"width":84,"height":36,"pixelRatio":2,"sdf":false},"Road/Hexagon blue white (Alt)/5":{"x":484,"y":348,"width":84,"height":36,"pixelRatio":2,"sdf":false},"Road/Hexagon red white/5":{"x":484,"y":348,"width":84,"height":36,"pixelRatio":2,"sdf":false},"Road/Hexagon orange black (Alt)/5":{"x":484,"y":348,"width":84,"height":36,"pixelRatio":2,"sdf":false},"Road/Hexagon green white (Alt)/5":{"x":484,"y":348,"width":84,"height":36,"pixelRatio":2,"sdf":false},"Road/Hexagon green white/5":{"x":484,"y":348,"width":84,"height":36,"pixelRatio":2,"sdf":false},"Road/Hexagon blue white/5":{"x":484,"y":348,"width":84,"height":36,"pixelRatio":2,"sdf":false},"Road/Hexagon red white (Alt)/5":{"x":484,"y":348,"width":84,"height":36,"pixelRatio":2,"sdf":false},"Road/Hexagon green white (Alt)/4":{"x":568,"y":348,"width":68,"height":36,"pixelRatio":2,"sdf":false},"Road/Hexagon blue white/4":{"x":568,"y":348,"width":68,"height":36,"pixelRatio":2,"sdf":false},"Road/Hexagon red white/4":{"x":568,"y":348,"width":68,"height":36,"pixelRatio":2,"sdf":false},"Road/Hexagon blue white (Alt)/4":{"x":568,"y":348,"width":68,"height":36,"pixelRatio":2,"sdf":false},"Road/Hexagon orange black (Alt)/4":{"x":568,"y":348,"width":68,"height":36,"pixelRatio":2,"sdf":false},"Road/Hexagon orange black/4":{"x":568,"y":348,"width":68,"height":36,"pixelRatio":2,"sdf":false},"Road/Hexagon green white/4":{"x":568,"y":348,"width":68,"height":36,"pixelRatio":2,"sdf":false},"Road/Hexagon red white (Alt)/4":{"x":568,"y":348,"width":68,"height":36,"pixelRatio":2,"sdf":false},"Road/Rectangle blue white (Alt)/1":{"x":636,"y":348,"width":32,"height":36,"pixelRatio":2,"sdf":false},"Road/Rectangle blue white/1":{"x":636,"y":348,"width":32,"height":36,"pixelRatio":2,"sdf":false},"Road/Rectangle green yellow/1":{"x":668,"y":348,"width":32,"height":36,"pixelRatio":2,"sdf":false},"Road/Rectangle green yellow (Alt)/1":{"x":668,"y":348,"width":32,"height":36,"pixelRatio":2,"sdf":false},"Road/Rectangle red white (Alt)/1":{"x":668,"y":348,"width":32,"height":36,"pixelRatio":2,"sdf":false},"Road/Rectangle yellow black (Alt)/1":{"x":668,"y":348,"width":32,"height":36,"pixelRatio":2,"sdf":false},"Road/Rectangle green white (Alt)/1":{"x":668,"y":348,"width":32,"height":36,"pixelRatio":2,"sdf":false},"Road/Rectangle red white/1":{"x":668,"y":348,"width":32,"height":36,"pixelRatio":2,"sdf":false},"Road/Rectangle yellow black/1":{"x":668,"y":348,"width":32,"height":36,"pixelRatio":2,"sdf":false},"Road/Rectangle green white/1":{"x":668,"y":348,"width":32,"height":36,"pixelRatio":2,"sdf":false},"Road/Rectangle white black (Alt)/1":{"x":700,"y":348,"width":32,"height":36,"pixelRatio":2,"sdf":false},"Road/Rectangle white black/1":{"x":700,"y":348,"width":32,"height":36,"pixelRatio":2,"sdf":false},"Road/Rectangle blue white (Alt)/7":{"x":732,"y":348,"width":80,"height":36,"pixelRatio":2,"sdf":false},"Road/Rectangle blue white/7":{"x":732,"y":348,"width":80,"height":36,"pixelRatio":2,"sdf":false},"Road/Rectangle green yellow (Alt)/7":{"x":812,"y":348,"width":80,"height":36,"pixelRatio":2,"sdf":false},"Road/Rectangle green white (Alt)/7":{"x":812,"y":348,"width":80,"height":36,"pixelRatio":2,"sdf":false},"Road/Rectangle green white/7":{"x":812,"y":348,"width":80,"height":36,"pixelRatio":2,"sdf":false},"Road/Rectangle red white/7":{"x":812,"y":348,"width":80,"height":36,"pixelRatio":2,"sdf":false},"Road/Rectangle green yellow/7":{"x":812,"y":348,"width":80,"height":36,"pixelRatio":2,"sdf":false},"Road/Rectangle red white (Alt)/7":{"x":812,"y":348,"width":80,"height":36,"pixelRatio":2,"sdf":false},"Road/Rectangle yellow black/7":{"x":812,"y":348,"width":80,"height":36,"pixelRatio":2,"sdf":false},"Road/Rectangle yellow black (Alt)/7":{"x":812,"y":348,"width":80,"height":36,"pixelRatio":2,"sdf":false},"Road/Rectangle white black/7":{"x":892,"y":348,"width":80,"height":36,"pixelRatio":2,"sdf":false},"Road/Rectangle white black (Alt)/7":{"x":892,"y":348,"width":80,"height":36,"pixelRatio":2,"sdf":false},"Road/Rectangle blue white (Alt)/6":{"x":0,"y":388,"width":72,"height":36,"pixelRatio":2,"sdf":false},"Road/Rectangle blue white/6":{"x":0,"y":388,"width":72,"height":36,"pixelRatio":2,"sdf":false},"Road/Rectangle yellow black (Alt)/6":{"x":72,"y":388,"width":72,"height":36,"pixelRatio":2,"sdf":false},"Road/Rectangle green white (Alt)/6":{"x":72,"y":388,"width":72,"height":36,"pixelRatio":2,"sdf":false},"Road/Rectangle green yellow/6":{"x":72,"y":388,"width":72,"height":36,"pixelRatio":2,"sdf":false},"Road/Rectangle green white/6":{"x":72,"y":388,"width":72,"height":36,"pixelRatio":2,"sdf":false},"Road/Rectangle green yellow (Alt)/6":{"x":72,"y":388,"width":72,"height":36,"pixelRatio":2,"sdf":false},"Road/Rectangle red white (Alt)/6":{"x":72,"y":388,"width":72,"height":36,"pixelRatio":2,"sdf":false},"Road/Rectangle red white/6":{"x":72,"y":388,"width":72,"height":36,"pixelRatio":2,"sdf":false},"Road/Rectangle yellow black/6":{"x":72,"y":388,"width":72,"height":36,"pixelRatio":2,"sdf":false},"Road/Rectangle white black (Alt)/6":{"x":144,"y":388,"width":72,"height":36,"pixelRatio":2,"sdf":false},"Road/Rectangle white black/6":{"x":144,"y":388,"width":72,"height":36,"pixelRatio":2,"sdf":false},"Road/Rectangle blue white/5":{"x":216,"y":388,"width":64,"height":36,"pixelRatio":2,"sdf":false},"Road/Rectangle blue white (Alt)/5":{"x":216,"y":388,"width":64,"height":36,"pixelRatio":2,"sdf":false},"Road/Rectangle yellow black (Alt)/5":{"x":280,"y":388,"width":64,"height":36,"pixelRatio":2,"sdf":false},"Road/Rectangle green white (Alt)/5":{"x":280,"y":388,"width":64,"height":36,"pixelRatio":2,"sdf":false},"Road/Rectangle yellow black/5":{"x":280,"y":388,"width":64,"height":36,"pixelRatio":2,"sdf":false},"Road/Rectangle green white/5":{"x":280,"y":388,"width":64,"height":36,"pixelRatio":2,"sdf":false},"Road/Rectangle red white (Alt)/5":{"x":280,"y":388,"width":64,"height":36,"pixelRatio":2,"sdf":false},"Road/Rectangle green yellow/5":{"x":280,"y":388,"width":64,"height":36,"pixelRatio":2,"sdf":false},"Road/Rectangle green yellow (Alt)/5":{"x":280,"y":388,"width":64,"height":36,"pixelRatio":2,"sdf":false},"Road/Rectangle red white/5":{"x":280,"y":388,"width":64,"height":36,"pixelRatio":2,"sdf":false},"Road/Rectangle white black (Alt)/5":{"x":344,"y":388,"width":64,"height":36,"pixelRatio":2,"sdf":false},"Road/Rectangle white black/5":{"x":344,"y":388,"width":64,"height":36,"pixelRatio":2,"sdf":false},"Road/Rectangle blue white/4":{"x":408,"y":388,"width":56,"height":36,"pixelRatio":2,"sdf":false},"Road/Rectangle blue white (Alt)/4":{"x":408,"y":388,"width":56,"height":36,"pixelRatio":2,"sdf":false},"Road/Rectangle red white/4":{"x":464,"y":388,"width":56,"height":36,"pixelRatio":2,"sdf":false},"Road/Rectangle yellow black (Alt)/4":{"x":464,"y":388,"width":56,"height":36,"pixelRatio":2,"sdf":false},"Road/Rectangle yellow black/4":{"x":464,"y":388,"width":56,"height":36,"pixelRatio":2,"sdf":false},"Road/Rectangle green yellow/4":{"x":464,"y":388,"width":56,"height":36,"pixelRatio":2,"sdf":false},"Road/Rectangle green white/4":{"x":464,"y":388,"width":56,"height":36,"pixelRatio":2,"sdf":false},"Road/Rectangle green yellow (Alt)/4":{"x":464,"y":388,"width":56,"height":36,"pixelRatio":2,"sdf":false},"Road/Rectangle green white (Alt)/4":{"x":464,"y":388,"width":56,"height":36,"pixelRatio":2,"sdf":false},"Road/Rectangle red white (Alt)/4":{"x":464,"y":388,"width":56,"height":36,"pixelRatio":2,"sdf":false},"Road/Rectangle white black (Alt)/4":{"x":520,"y":388,"width":56,"height":36,"pixelRatio":2,"sdf":false},"Road/Rectangle white black/4":{"x":520,"y":388,"width":56,"height":36,"pixelRatio":2,"sdf":false},"Road/Rectangle blue white/3":{"x":576,"y":388,"width":48,"height":36,"pixelRatio":2,"sdf":false},"Road/Rectangle blue white (Alt)/3":{"x":576,"y":388,"width":48,"height":36,"pixelRatio":2,"sdf":false},"Road/Rectangle yellow black (Alt)/3":{"x":624,"y":388,"width":48,"height":36,"pixelRatio":2,"sdf":false},"Road/Rectangle yellow black/3":{"x":624,"y":388,"width":48,"height":36,"pixelRatio":2,"sdf":false},"Road/Rectangle red white (Alt)/3":{"x":624,"y":388,"width":48,"height":36,"pixelRatio":2,"sdf":false},"Road/Rectangle green yellow/3":{"x":624,"y":388,"width":48,"height":36,"pixelRatio":2,"sdf":false},"Road/Rectangle green yellow (Alt)/3":{"x":624,"y":388,"width":48,"height":36,"pixelRatio":2,"sdf":false},"Road/Rectangle red white/3":{"x":624,"y":388,"width":48,"height":36,"pixelRatio":2,"sdf":false},"Road/Rectangle green white/3":{"x":624,"y":388,"width":48,"height":36,"pixelRatio":2,"sdf":false},"Road/Rectangle green white (Alt)/3":{"x":624,"y":388,"width":48,"height":36,"pixelRatio":2,"sdf":false},"Road/Rectangle white black (Alt)/3":{"x":672,"y":388,"width":48,"height":36,"pixelRatio":2,"sdf":false},"Road/Rectangle white black/3":{"x":672,"y":388,"width":48,"height":36,"pixelRatio":2,"sdf":false},"Road/Rectangle blue white (Alt)/2":{"x":720,"y":388,"width":40,"height":36,"pixelRatio":2,"sdf":false},"Road/Rectangle blue white/2":{"x":720,"y":388,"width":40,"height":36,"pixelRatio":2,"sdf":false},"Road/Rectangle red white (Alt)/2":{"x":760,"y":388,"width":40,"height":36,"pixelRatio":2,"sdf":false},"Road/Rectangle green white/2":{"x":760,"y":388,"width":40,"height":36,"pixelRatio":2,"sdf":false},"Road/Rectangle yellow black/2":{"x":760,"y":388,"width":40,"height":36,"pixelRatio":2,"sdf":false},"Road/Rectangle green yellow/2":{"x":760,"y":388,"width":40,"height":36,"pixelRatio":2,"sdf":false},"Road/Rectangle green white (Alt)/2":{"x":760,"y":388,"width":40,"height":36,"pixelRatio":2,"sdf":false},"Road/Rectangle red white/2":{"x":760,"y":388,"width":40,"height":36,"pixelRatio":2,"sdf":false},"Road/Rectangle green yellow (Alt)/2":{"x":760,"y":388,"width":40,"height":36,"pixelRatio":2,"sdf":false},"Road/Rectangle yellow black (Alt)/2":{"x":760,"y":388,"width":40,"height":36,"pixelRatio":2,"sdf":false},"Road/Rectangle white black/2":{"x":800,"y":388,"width":40,"height":36,"pixelRatio":2,"sdf":false},"Road/Rectangle white black (Alt)/2":{"x":800,"y":388,"width":40,"height":36,"pixelRatio":2,"sdf":false},"Tree/Spruce":{"x":840,"y":388,"width":36,"height":36,"pixelRatio":2,"sdf":false},"Road/Rectangle hexagon brown white/6":{"x":876,"y":388,"width":88,"height":32,"pixelRatio":2,"sdf":false},"Road/Rectangle hexagon blue white (Alt)/6":{"x":876,"y":388,"width":88,"height":32,"pixelRatio":2,"sdf":false},"Road/Rectangle hexagon red white/6":{"x":876,"y":388,"width":88,"height":32,"pixelRatio":2,"sdf":false},"Road/Rectangle hexagon red white (Alt)/6":{"x":876,"y":388,"width":88,"height":32,"pixelRatio":2,"sdf":false},"Road/Rectangle hexagon green white/6":{"x":876,"y":388,"width":88,"height":32,"pixelRatio":2,"sdf":false},"Road/Rectangle hexagon brown white (Alt)/6":{"x":876,"y":388,"width":88,"height":32,"pixelRatio":2,"sdf":false},"Road/Rectangle hexagon green white (Alt)/6":{"x":876,"y":388,"width":88,"height":32,"pixelRatio":2,"sdf":false},"Road/Rectangle hexagon blue white/6":{"x":876,"y":388,"width":88,"height":32,"pixelRatio":2,"sdf":false},"Road/Rectangle hexagon green white (Alt)/7":{"x":0,"y":424,"width":104,"height":32,"pixelRatio":2,"sdf":false},"Road/Rectangle hexagon brown white/7":{"x":0,"y":424,"width":104,"height":32,"pixelRatio":2,"sdf":false},"Road/Rectangle hexagon blue white (Alt)/7":{"x":0,"y":424,"width":104,"height":32,"pixelRatio":2,"sdf":false},"Road/Rectangle hexagon red white/7":{"x":0,"y":424,"width":104,"height":32,"pixelRatio":2,"sdf":false},"Road/Rectangle hexagon blue white/7":{"x":0,"y":424,"width":104,"height":32,"pixelRatio":2,"sdf":false},"Road/Rectangle hexagon brown white (Alt)/7":{"x":0,"y":424,"width":104,"height":32,"pixelRatio":2,"sdf":false},"Road/Rectangle hexagon red white (Alt)/7":{"x":0,"y":424,"width":104,"height":32,"pixelRatio":2,"sdf":false},"Road/Rectangle hexagon green white/7":{"x":0,"y":424,"width":104,"height":32,"pixelRatio":2,"sdf":false},"Road/Rectangle hexagon red white (Alt)/1":{"x":104,"y":424,"width":48,"height":32,"pixelRatio":2,"sdf":false},"Road/Rectangle hexagon red white (Alt)/2":{"x":104,"y":424,"width":48,"height":32,"pixelRatio":2,"sdf":false},"Road/Rectangle hexagon red white (Alt)/3":{"x":104,"y":424,"width":48,"height":32,"pixelRatio":2,"sdf":false},"Road/Rectangle hexagon green white/1":{"x":104,"y":424,"width":48,"height":32,"pixelRatio":2,"sdf":false},"Road/Rectangle hexagon green white/2":{"x":104,"y":424,"width":48,"height":32,"pixelRatio":2,"sdf":false},"Road/Rectangle hexagon green white/3":{"x":104,"y":424,"width":48,"height":32,"pixelRatio":2,"sdf":false},"Road/Rectangle hexagon green white (Alt)/1":{"x":104,"y":424,"width":48,"height":32,"pixelRatio":2,"sdf":false},"Road/Rectangle hexagon green white (Alt)/2":{"x":104,"y":424,"width":48,"height":32,"pixelRatio":2,"sdf":false},"Road/Rectangle hexagon green white (Alt)/3":{"x":104,"y":424,"width":48,"height":32,"pixelRatio":2,"sdf":false},"Road/Rectangle hexagon brown white/1":{"x":104,"y":424,"width":48,"height":32,"pixelRatio":2,"sdf":false},"Road/Rectangle hexagon brown white/2":{"x":104,"y":424,"width":48,"height":32,"pixelRatio":2,"sdf":false},"Road/Rectangle hexagon brown white/3":{"x":104,"y":424,"width":48,"height":32,"pixelRatio":2,"sdf":false},"Road/Rectangle hexagon brown white (Alt)/2":{"x":104,"y":424,"width":48,"height":32,"pixelRatio":2,"sdf":false},"Road/Rectangle hexagon brown white (Alt)/3":{"x":104,"y":424,"width":48,"height":32,"pixelRatio":2,"sdf":false},"Road/Rectangle hexagon red white/3":{"x":104,"y":424,"width":48,"height":32,"pixelRatio":2,"sdf":false},"Road/Rectangle hexagon brown white (Alt)/1":{"x":104,"y":424,"width":48,"height":32,"pixelRatio":2,"sdf":false},"Road/Rectangle hexagon blue white/1":{"x":104,"y":424,"width":48,"height":32,"pixelRatio":2,"sdf":false},"Road/Rectangle hexagon blue white/2":{"x":104,"y":424,"width":48,"height":32,"pixelRatio":2,"sdf":false},"Road/Rectangle hexagon blue white/3":{"x":104,"y":424,"width":48,"height":32,"pixelRatio":2,"sdf":false},"Road/Rectangle hexagon blue white (Alt)/1":{"x":104,"y":424,"width":48,"height":32,"pixelRatio":2,"sdf":false},"Road/Rectangle hexagon blue white (Alt)/2":{"x":104,"y":424,"width":48,"height":32,"pixelRatio":2,"sdf":false},"Road/Rectangle hexagon blue white (Alt)/3":{"x":104,"y":424,"width":48,"height":32,"pixelRatio":2,"sdf":false},"Road/Rectangle hexagon red white/1":{"x":104,"y":424,"width":48,"height":32,"pixelRatio":2,"sdf":false},"Road/Rectangle hexagon red white/2":{"x":104,"y":424,"width":48,"height":32,"pixelRatio":2,"sdf":false},"Road/Rectangle hexagon red white (Alt)/5":{"x":152,"y":424,"width":76,"height":32,"pixelRatio":2,"sdf":false},"Road/Rectangle hexagon brown white/5":{"x":152,"y":424,"width":76,"height":32,"pixelRatio":2,"sdf":false},"Road/Rectangle hexagon green white/5":{"x":152,"y":424,"width":76,"height":32,"pixelRatio":2,"sdf":false},"Road/Rectangle hexagon green white (Alt)/5":{"x":152,"y":424,"width":76,"height":32,"pixelRatio":2,"sdf":false},"Road/Rectangle hexagon blue white/5":{"x":152,"y":424,"width":76,"height":32,"pixelRatio":2,"sdf":false},"Road/Rectangle hexagon blue white (Alt)/5":{"x":152,"y":424,"width":76,"height":32,"pixelRatio":2,"sdf":false},"Road/Rectangle hexagon brown white (Alt)/5":{"x":152,"y":424,"width":76,"height":32,"pixelRatio":2,"sdf":false},"Road/Rectangle hexagon red white/5":{"x":152,"y":424,"width":76,"height":32,"pixelRatio":2,"sdf":false},"Road/Rectangle hexagon brown white/4":{"x":228,"y":424,"width":60,"height":32,"pixelRatio":2,"sdf":false},"Road/Rectangle hexagon red white/4":{"x":228,"y":424,"width":60,"height":32,"pixelRatio":2,"sdf":false},"Road/Rectangle hexagon blue white/4":{"x":228,"y":424,"width":60,"height":32,"pixelRatio":2,"sdf":false},"Road/Rectangle hexagon brown white (Alt)/4":{"x":228,"y":424,"width":60,"height":32,"pixelRatio":2,"sdf":false},"Road/Rectangle hexagon blue white (Alt)/4":{"x":228,"y":424,"width":60,"height":32,"pixelRatio":2,"sdf":false},"Road/Rectangle hexagon green white/4":{"x":228,"y":424,"width":60,"height":32,"pixelRatio":2,"sdf":false},"Road/Rectangle hexagon green white (Alt)/4":{"x":228,"y":424,"width":60,"height":32,"pixelRatio":2,"sdf":false},"Road/Rectangle hexagon red white (Alt)/4":{"x":228,"y":424,"width":60,"height":32,"pixelRatio":2,"sdf":false},"Water line/Levee/0":{"x":288,"y":424,"width":20,"height":28,"pixelRatio":2,"sdf":false},"Depression/0":{"x":308,"y":424,"width":8,"height":24,"pixelRatio":2,"sdf":false},"Shrub":{"x":316,"y":424,"width":24,"height":24,"pixelRatio":2,"sdf":false},"Spotheight":{"x":340,"y":424,"width":20,"height":20,"pixelRatio":2,"sdf":false},"Special area of interest line/Fence (chain link)/0":{"x":360,"y":424,"width":20,"height":20,"pixelRatio":2,"sdf":false},"City small scale/large non capital":{"x":380,"y":424,"width":20,"height":16,"pixelRatio":2,"sdf":false},"City small scale/large other capital":{"x":380,"y":424,"width":20,"height":16,"pixelRatio":2,"sdf":false},"City small scale/x large admin2 capital":{"x":400,"y":424,"width":20,"height":16,"pixelRatio":2,"sdf":false},"City small scale/x large admin1 capital":{"x":400,"y":424,"width":20,"height":16,"pixelRatio":2,"sdf":false},"City small scale/large admin0 capital":{"x":400,"y":424,"width":20,"height":16,"pixelRatio":2,"sdf":false},"City small scale/x large non capital":{"x":400,"y":424,"width":20,"height":16,"pixelRatio":2,"sdf":false},"City small scale/x large admin0 capital":{"x":400,"y":424,"width":20,"height":16,"pixelRatio":2,"sdf":false},"City small scale/medium other capital":{"x":420,"y":424,"width":16,"height":16,"pixelRatio":2,"sdf":false},"City small scale/medium non capital":{"x":420,"y":424,"width":16,"height":16,"pixelRatio":2,"sdf":false},"City small scale/small non capital":{"x":436,"y":424,"width":16,"height":16,"pixelRatio":2,"sdf":false},"City small scale/small other capital":{"x":436,"y":424,"width":16,"height":16,"pixelRatio":2,"sdf":false},"City small scale/town large non capital":{"x":452,"y":424,"width":16,"height":16,"pixelRatio":2,"sdf":false},"City small scale/town large other capital":{"x":452,"y":424,"width":16,"height":16,"pixelRatio":2,"sdf":false},"City small scale/other capital":{"x":452,"y":424,"width":16,"height":16,"pixelRatio":2,"sdf":false},"City small scale/town small non capital":{"x":452,"y":424,"width":16,"height":16,"pixelRatio":2,"sdf":false},"City small scale/medium admin0 capital":{"x":468,"y":424,"width":16,"height":16,"pixelRatio":2,"sdf":false},"City small scale/small admin0 capital":{"x":484,"y":424,"width":16,"height":16,"pixelRatio":2,"sdf":false},"City small scale/town small admin0 capital":{"x":500,"y":424,"width":16,"height":16,"pixelRatio":2,"sdf":false},"City small scale/town large admin0 capital":{"x":500,"y":424,"width":16,"height":16,"pixelRatio":2,"sdf":false},"Special area of interest line/Fence (metal)/0":{"x":516,"y":424,"width":16,"height":16,"pixelRatio":2,"sdf":false},"Special area of interest line/Fence (wood)/0":{"x":532,"y":424,"width":16,"height":16,"pixelRatio":2,"sdf":false}}